institute_name,institute_acronym,city,state,program_name,degree,branch_code,category,year,min_score,max_score,closing_rank,coap_rounds,preference_score,is_active,metric_type,notes
IIT Bhilai,IITBhilai,Bhilai,Chhattisgarh,Bioengineering,M.Tech,BT,EWS,2025,429,429,,COAP 2025,55,true,
IIT Bhilai,IITBhilai,Bhilai,Chhattisgarh,Bioengineering,M.Tech,BT,OBC_NCL,2025,389,389,,COAP 2025,55,true,
IIT Bhilai,IITBhilai,Bhilai,Chhattisgarh,Bioengineering,M.Tech,BT,SC,2025,298,298,,COAP 2025,55,true,
IIT Bhilai,IITBhilai,Bhilai,Chhattisgarh,Biomedical Devices,M.Tech,BT,EWS,2025,304,304,,COAP 2025,55,true,
IIT Bhilai,IITBhilai,Bhilai,Chhattisgarh,Biomedical Devices,M.Tech,BT,OBC_NCL,2025,387,387,,COAP 2025,55,true,
IIT Bhilai,IITBhilai,Bhilai,Chhattisgarh,Biomedical Devices,M.Tech,BT,SC,2025,282,282,,COAP 2025,55,true,
IIT Bhilai,IITBhilai,Bhilai,Chhattisgarh,Biomedical Devices,M.Tech,BT,ST,2025,249,249,,COAP 2025,55,true,
IIT Bhilai,IITBhilai,Bhilai,Chhattisgarh,Biomedical Devices,M.Tech,BT,GENERAL,2025,311,311,,COAP 2025,55,true,
IIT Bhilai,IITBhilai,Bhilai,Chhattisgarh,Computer Science and Engineering,M.Tech,CS,EWS,2025,580,580,,COAP 2025,55,true,
IIT Bhilai,IITBhilai,Bhilai,Chhattisgarh,Computer Science and Engineering,M.Tech,CS,OBC_NCL,2025,577,577,,COAP 2025,55,true,
IIT Bhilai,IITBhilai,Bhilai,Chhattisgarh,Computer Science and Engineering,M.Tech,CS,OBC_NCL_PWD,2025,431,431,,COAP 2025,55,true,
IIT Bhilai,IITBhilai,Bhilai,Chhattisgarh,Computer Science and Engineering,M.Tech,CS,SC,2025,404,404,,COAP 2025,55,true,
IIT Bhilai,IITBhilai,Bhilai,Chhattisgarh,Computer Science and Engineering,M.Tech,CS,ST,2025,380,380,,COAP 2025,55,true,
IIT Bhilai,IITBhilai,Bhilai,Chhattisgarh,Computer Science and Engineering,M.Tech,CS,GENERAL,2025,614,614,,COAP 2025,55,true,
IIT Bhilai,IITBhilai,Bhilai,Chhattisgarh,Control and Instrumentation,M.Tech,IN,EWS,2025,366,366,,COAP 2025,55,true,
IIT Bhilai,IITBhilai,Bhilai,Chhattisgarh,Control and Instrumentation,M.Tech,IN,OBC_NCL,2025,354,354,,COAP 2025,55,true,
IIT Bhilai,IITBhilai,Bhilai,Chhattisgarh,Control and Instrumentation,M.Tech,IN,SC,2025,351,351,,COAP 2025,55,true,
IIT Bhilai,IITBhilai,Bhilai,Chhattisgarh,Control and Instrumentation,M.Tech,IN,GENERAL,2025,441,441,,COAP 2025,55,true,
IIT Bhilai,IITBhilai,Bhilai,Chhattisgarh,Data Science and Artificial Intelligence,M.Tech,CS,EWS,2025,557,557,,COAP 2025,55,true,
IIT Bhilai,IITBhilai,Bhilai,Chhattisgarh,Data Science and Artificial Intelligence,M.Tech,CS,OBC_NCL,2025,548,548,,COAP 2025,55,true,
IIT Bhilai,IITBhilai,Bhilai,Chhattisgarh,Data Science and Artificial Intelligence,M.Tech,CS,SC,2025,393,393,,COAP 2025,55,true,
IIT Bhilai,IITBhilai,Bhilai,Chhattisgarh,Data Science and Artificial Intelligence,M.Tech,CS,ST,2025,315,315,,COAP 2025,55,true,
IIT Bhilai,IITBhilai,Bhilai,Chhattisgarh,Data Science and Artificial Intelligence,M.Tech,CS,GENERAL,2025,610,610,,COAP 2025,55,true,
IIT Bhilai,IITBhilai,Bhilai,Chhattisgarh,Design and Manufacturing,M.Tech,ME,EWS,2025,340,340,,COAP 2025,55,true,
IIT Bhilai,IITBhilai,Bhilai,Chhattisgarh,Design and Manufacturing,M.Tech,ME,OBC_NCL,2025,345,345,,COAP 2025,55,true,
IIT Bhilai,IITBhilai,Bhilai,Chhattisgarh,Design and Manufacturing,M.Tech,ME,SC,2025,255,255,,COAP 2025,55,true,
IIT Bhilai,IITBhilai,Bhilai,Chhattisgarh,Design and Manufacturing,M.Tech,ME,ST,2025,272,272,,COAP 2025,55,true,
IIT Bhilai,IITBhilai,Bhilai,Chhattisgarh,Design and Manufacturing,M.Tech,ME,GENERAL,2025,389,389,,COAP 2025,55,true,
IIT Bhilai,IITBhilai,Bhilai,Chhattisgarh,Electric Vehicle Technology,M.Tech,EE,EWS,2025,316,316,,COAP 2025,55,true,
IIT Bhilai,IITBhilai,Bhilai,Chhattisgarh,Electric Vehicle Technology,M.Tech,EE,OBC_NCL,2025,351,351,,COAP 2025,55,true,
IIT Bhilai,IITBhilai,Bhilai,Chhattisgarh,Electric Vehicle Technology,M.Tech,EE,SC,2025,340,340,,COAP 2025,55,true,
IIT Bhilai,IITBhilai,Bhilai,Chhattisgarh,Electric Vehicle Technology,M.Tech,EE,ST,2025,244,244,,COAP 2025,55,true,
IIT Bhilai,IITBhilai,Bhilai,Chhattisgarh,Electric Vehicle Technology,M.Tech,EE,GENERAL,2025,397,397,,COAP 2025,55,true,
IIT Bhilai,IITBhilai,Bhilai,Chhattisgarh,Electronics and Communication Engineering,M.Tech,EC,EWS,2025,352,352,,COAP 2025,55,true,
IIT Bhilai,IITBhilai,Bhilai,Chhattisgarh,Electronics and Communication Engineering,M.Tech,EC,OBC_NCL,2025,393,393,,COAP 2025,55,true,
IIT Bhilai,IITBhilai,Bhilai,Chhattisgarh,Electronics and Communication Engineering,M.Tech,EC,SC,2025,303,303,,COAP 2025,55,true,
IIT Bhilai,IITBhilai,Bhilai,Chhattisgarh,Electronics and Communication Engineering,M.Tech,EC,ST,2025,231,231,,COAP 2025,55,true,
IIT Bhilai,IITBhilai,Bhilai,Chhattisgarh,Electronics and Communication Engineering,M.Tech,EC,GENERAL,2025,436,436,,COAP 2025,55,true,
IIT Bhilai,IITBhilai,Bhilai,Chhattisgarh,Materials Science and Metallurgical Engineering,M.Tech,XE,EWS,2025,337,337,,COAP 2025,55,true,
IIT Bhilai,IITBhilai,Bhilai,Chhattisgarh,Materials Science and Metallurgical Engineering,M.Tech,XE,OBC_NCL,2025,317,317,,COAP 2025,55,true,
IIT Bhilai,IITBhilai,Bhilai,Chhattisgarh,Materials Science and Metallurgical Engineering,M.Tech,XE,SC,2025,245,245,,COAP 2025,55,true,
IIT Bhilai,IITBhilai,Bhilai,Chhattisgarh,Materials Science and Metallurgical Engineering,M.Tech,XE,ST,2025,249,249,,COAP 2025,55,true,
IIT Bhilai,IITBhilai,Bhilai,Chhattisgarh,Materials Science and Metallurgical Engineering,M.Tech,XE,GENERAL,2025,362,362,,COAP 2025,55,true,
IIT Bhilai,IITBhilai,Bhilai,Chhattisgarh,Mechatronics Engineering,M.Tech,ME,EWS,2025,334,334,,COAP 2025,55,true,
IIT Bhilai,IITBhilai,Bhilai,Chhattisgarh,Mechatronics Engineering,M.Tech,ME,OBC_NCL,2025,351,351,,COAP 2025,55,true,
IIT Bhilai,IITBhilai,Bhilai,Chhattisgarh,Mechatronics Engineering,M.Tech,ME,SC,2025,228,228,,COAP 2025,55,true,
IIT Bhilai,IITBhilai,Bhilai,Chhattisgarh,Mechatronics Engineering,M.Tech,ME,GENERAL,2025,406,406,,COAP 2025,55,true,
IIT Bhilai,IITBhilai,Bhilai,Chhattisgarh,Microelectronics and VLSI,M.Tech,EC,EWS,2025,424,424,,COAP 2025,55,true,
IIT Bhilai,IITBhilai,Bhilai,Chhattisgarh,Microelectronics and VLSI,M.Tech,EC,OBC_NCL,2025,436,436,,COAP 2025,55,true,
IIT Bhilai,IITBhilai,Bhilai,Chhattisgarh,Microelectronics and VLSI,M.Tech,EC,SC,2025,334,334,,COAP 2025,55,true,
IIT Bhilai,IITBhilai,Bhilai,Chhattisgarh,Microelectronics and VLSI,M.Tech,EC,GENERAL,2025,444,444,,COAP 2025,55,true,
IIT Bhilai,IITBhilai,Bhilai,Chhattisgarh,Power Systems and Power Electronics,M.Tech,EE,OBC_NCL,2025,374,374,,COAP 2025,55,true,
IIT Bhilai,IITBhilai,Bhilai,Chhattisgarh,Power Systems and Power Electronics,M.Tech,EE,SC,2025,291,291,,COAP 2025,55,true,
IIT Bhilai,IITBhilai,Bhilai,Chhattisgarh,Power Systems and Power Electronics,M.Tech,EE,ST,2025,263,263,,COAP 2025,55,true,
IIT Bhilai,IITBhilai,Bhilai,Chhattisgarh,Power Systems and Power Electronics,M.Tech,EE,GENERAL,2025,393,393,,COAP 2025,55,true,
IIT Bhilai,IITBhilai,Bhilai,Chhattisgarh,Thermal and Fluids Engineering,M.Tech,ME,EWS,2025,352,352,,COAP 2025,55,true,
IIT Bhilai,IITBhilai,Bhilai,Chhattisgarh,Thermal and Fluids Engineering,M.Tech,ME,OBC_NCL,2025,331,331,,COAP 2025,55,true,
IIT Bhilai,IITBhilai,Bhilai,Chhattisgarh,Thermal and Fluids Engineering,M.Tech,ME,SC,2025,213,213,,COAP 2025,55,true,
IIT Bhilai,IITBhilai,Bhilai,Chhattisgarh,Thermal and Fluids Engineering,M.Tech,ME,ST,2025,222,222,,COAP 2025,55,true,
IIT Bhilai,IITBhilai,Bhilai,Chhattisgarh,Thermal and Fluids Engineering,M.Tech,ME,GENERAL,2025,355,355,,COAP 2025,55,true,
IIT (BHU) Varanasi,IITBHU,Varanasi,Uttar Pradesh,Ceramic Engineering,M.Tech,XE,GENERAL,2025,200,200,,COAP 2025,88,true,
IIT (BHU) Varanasi,IITBHU,Varanasi,Uttar Pradesh,Ceramic Engineering,M.Tech,XE,OBC_NCL,2025,200,200,,COAP 2025,88,true,
IIT (BHU) Varanasi,IITBHU,Varanasi,Uttar Pradesh,Ceramic Engineering,M.Tech,XE,SC,2025,180,180,,COAP 2025,88,true,
IIT (BHU) Varanasi,IITBHU,Varanasi,Uttar Pradesh,Ceramic Engineering,M.Tech,XE,ST,2025,180,180,,COAP 2025,88,true,
IIT (BHU) Varanasi,IITBHU,Varanasi,Uttar Pradesh,Ceramic Engineering,M.Tech,XE,EWS,2025,200,200,,COAP 2025,88,true,
IIT (BHU) Varanasi,IITBHU,Varanasi,Uttar Pradesh,Chemical Engineering,M.Tech,CH,GENERAL,2025,389,389,,COAP 2025,88,true,
IIT (BHU) Varanasi,IITBHU,Varanasi,Uttar Pradesh,Chemical Engineering,M.Tech,CH,OBC_NCL,2025,403,403,,COAP 2025,88,true,
IIT (BHU) Varanasi,IITBHU,Varanasi,Uttar Pradesh,Chemical Engineering,M.Tech,CH,SC,2025,271,271,,COAP 2025,88,true,
IIT (BHU) Varanasi,IITBHU,Varanasi,Uttar Pradesh,Chemical Engineering,M.Tech,CH,ST,2025,232,232,,COAP 2025,88,true,
IIT (BHU) Varanasi,IITBHU,Varanasi,Uttar Pradesh,Chemical Engineering,M.Tech,CH,EWS,2025,384,384,,COAP 2025,88,true,
IIT (BHU) Varanasi,IITBHU,Varanasi,Uttar Pradesh,Hydraulics & Water Resources Engg,M.Tech,CE,GENERAL,2025,542,542,,COAP 2025,88,true,
IIT (BHU) Varanasi,IITBHU,Varanasi,Uttar Pradesh,Geotechnical Engineering,M.Tech,CE,GENERAL,2025,502,502,,COAP 2025,88,true,
IIT (BHU) Varanasi,IITBHU,Varanasi,Uttar Pradesh,Geotechnical Engineering,M.Tech,CE,OBC_NCL,2025,474,474,,COAP 2025,88,true,
IIT (BHU) Varanasi,IITBHU,Varanasi,Uttar Pradesh,Geotechnical Engineering,M.Tech,CE,SC,2025,447,447,,COAP 2025,88,true,
IIT (BHU) Varanasi,IITBHU,Varanasi,Uttar Pradesh,Geotechnical Engineering,M.Tech,CE,ST,2025,294,294,,COAP 2025,88,true,
IIT (BHU) Varanasi,IITBHU,Varanasi,Uttar Pradesh,Structural Engineering,M.Tech,CE,GENERAL,2025,579,579,,COAP 2025,88,true,
IIT (BHU) Varanasi,IITBHU,Varanasi,Uttar Pradesh,Structural Engineering,M.Tech,CE,OBC_NCL,2025,577,577,,COAP 2025,88,true,
IIT (BHU) Varanasi,IITBHU,Varanasi,Uttar Pradesh,Structural Engineering,M.Tech,CE,SC,2025,434,434,,COAP 2025,88,true,
IIT (BHU) Varanasi,IITBHU,Varanasi,Uttar Pradesh,Structural Engineering,M.Tech,CE,ST,2025,344,344,,COAP 2025,88,true,
IIT (BHU) Varanasi,IITBHU,Varanasi,Uttar Pradesh,Structural Engineering,M.Tech,CE,GENERAL_PWD,2025,246,246,,COAP 2025,88,true,
IIT (BHU) Varanasi,IITBHU,Varanasi,Uttar Pradesh,Structural Engineering,M.Tech,CE,OBC_NCL_PWD,2025,262,262,,COAP 2025,88,true,
IIT (BHU) Varanasi,IITBHU,Varanasi,Uttar Pradesh,Environmental Engineering,M.Tech,CE,GENERAL,2025,498,498,,COAP 2025,88,true,
IIT (BHU) Varanasi,IITBHU,Varanasi,Uttar Pradesh,Environmental Engineering,M.Tech,CE,OBC_NCL,2025,487,487,,COAP 2025,88,true,
IIT (BHU) Varanasi,IITBHU,Varanasi,Uttar Pradesh,Environmental Engineering,M.Tech,CE,SC,2025,363,363,,COAP 2025,88,true,
IIT (BHU) Varanasi,IITBHU,Varanasi,Uttar Pradesh,Environmental Engineering,M.Tech,CE,EWS,2025,450,450,,COAP 2025,88,true,
IIT (BHU) Varanasi,IITBHU,Varanasi,Uttar Pradesh,Transportation Engineering,M.Tech,CE,GENERAL,2025,598,598,,COAP 2025,88,true,
IIT (BHU) Varanasi,IITBHU,Varanasi,Uttar Pradesh,Transportation Engineering,M.Tech,CE,OBC_NCL,2025,487,487,,COAP 2025,88,true,
IIT (BHU) Varanasi,IITBHU,Varanasi,Uttar Pradesh,Transportation Engineering,M.Tech,CE,SC,2025,428,428,,COAP 2025,88,true,
IIT (BHU) Varanasi,IITBHU,Varanasi,Uttar Pradesh,Geomatics Engineering,M.Tech,CE,GENERAL,2025,567,567,,COAP 2025,88,true,
IIT (BHU) Varanasi,IITBHU,Varanasi,Uttar Pradesh,Geomatics Engineering,M.Tech,CE,SC,2025,384,384,,COAP 2025,88,true,
IIT (BHU) Varanasi,IITBHU,Varanasi,Uttar Pradesh,Artificial Intelligence,M.Tech,CS,GENERAL,2025,772,772,,COAP 2025,88,true,
IIT (BHU) Varanasi,IITBHU,Varanasi,Uttar Pradesh,Artificial Intelligence,M.Tech,CS,OBC_NCL,2025,721,721,,COAP 2025,88,true,
IIT (BHU) Varanasi,IITBHU,Varanasi,Uttar Pradesh,Artificial Intelligence,M.Tech,CS,SC,2025,569,569,,COAP 2025,88,true,
IIT (BHU) Varanasi,IITBHU,Varanasi,Uttar Pradesh,Internet of Things,M.Tech,CS,GENERAL,2025,757,757,,COAP 2025,88,true,
IIT (BHU) Varanasi,IITBHU,Varanasi,Uttar Pradesh,Internet of Things,M.Tech,CS,OBC_NCL,2025,706,706,,COAP 2025,88,true,
IIT (BHU) Varanasi,IITBHU,Varanasi,Uttar Pradesh,Internet of Things,M.Tech,CS,SC,2025,564,564,,COAP 2025,88,true,
IIT (BHU) Varanasi,IITBHU,Varanasi,Uttar Pradesh,Machine Design,M.Tech,ME,GENERAL,2025,467,467,,COAP 2025,88,true,
IIT (BHU) Varanasi,IITBHU,Varanasi,Uttar Pradesh,Machine Design,M.Tech,ME,OBC_NCL,2025,521,521,,COAP 2025,88,true,
IIT (BHU) Varanasi,IITBHU,Varanasi,Uttar Pradesh,Machine Design,M.Tech,ME,SC,2025,394,394,,COAP 2025,88,true,
IIT (BHU) Varanasi,IITBHU,Varanasi,Uttar Pradesh,Machine Design,M.Tech,ME,ST,2025,269,269,,COAP 2025,88,true,
IIT (BHU) Varanasi,IITBHU,Varanasi,Uttar Pradesh,Machine Design,M.Tech,ME,EWS,2025,395,395,,COAP 2025,88,true,
IIT (BHU) Varanasi,IITBHU,Varanasi,Uttar Pradesh,Thermal & Fluid Engineering,M.Tech,ME,GENERAL,2025,387,387,,COAP 2025,88,true,
IIT (BHU) Varanasi,IITBHU,Varanasi,Uttar Pradesh,Thermal & Fluid Engineering,M.Tech,ME,OBC_NCL,2025,321,321,,COAP 2025,88,true,
IIT (BHU) Varanasi,IITBHU,Varanasi,Uttar Pradesh,Thermal & Fluid Engineering,M.Tech,ME,SC,2025,349,349,,COAP 2025,88,true,
IIT (BHU) Varanasi,IITBHU,Varanasi,Uttar Pradesh,Thermal & Fluid Engineering,M.Tech,ME,EWS,2025,321,321,,COAP 2025,88,true,
IIT (BHU) Varanasi,IITBHU,Varanasi,Uttar Pradesh,Production Engineering,M.Tech,PI,GENERAL,2025,250,250,,COAP 2025,88,true,
IIT (BHU) Varanasi,IITBHU,Varanasi,Uttar Pradesh,Production Engineering,M.Tech,PI,SC,2025,231,231,,COAP 2025,88,true,
IIT (BHU) Varanasi,IITBHU,Varanasi,Uttar Pradesh,Extractive Metallurgy,M.Tech,XE,GENERAL,2025,362,362,,COAP 2025,88,true,
IIT (BHU) Varanasi,IITBHU,Varanasi,Uttar Pradesh,Extractive Metallurgy,M.Tech,XE,OBC_NCL,2025,323,323,,COAP 2025,88,true,
IIT (BHU) Varanasi,IITBHU,Varanasi,Uttar Pradesh,Extractive Metallurgy,M.Tech,XE,SC,2025,288,288,,COAP 2025,88,true,
IIT (BHU) Varanasi,IITBHU,Varanasi,Uttar Pradesh,Extractive Metallurgy,M.Tech,XE,ST,2025,222,222,,COAP 2025,88,true,
IIT (BHU) Varanasi,IITBHU,Varanasi,Uttar Pradesh,Extractive Metallurgy,M.Tech,XE,EWS,2025,342,342,,COAP 2025,88,true,
IIT (BHU) Varanasi,IITBHU,Varanasi,Uttar Pradesh,Alloy Technology,M.Tech,XE,GENERAL,2025,360,360,,COAP 2025,88,true,
IIT (BHU) Varanasi,IITBHU,Varanasi,Uttar Pradesh,Alloy Technology,M.Tech,XE,OBC_NCL,2025,331,331,,COAP 2025,88,true,
IIT (BHU) Varanasi,IITBHU,Varanasi,Uttar Pradesh,Alloy Technology,M.Tech,XE,SC,2025,187,187,,COAP 2025,88,true,
IIT (BHU) Varanasi,IITBHU,Varanasi,Uttar Pradesh,Mine Environment,M.Tech,XE,GENERAL,2025,515,515,,COAP 2025,88,true,
IIT (BHU) Varanasi,IITBHU,Varanasi,Uttar Pradesh,Mine Environment,M.Tech,XE,OBC_NCL,2025,476,476,,COAP 2025,88,true,
IIT (BHU) Varanasi,IITBHU,Varanasi,Uttar Pradesh,Mine Environment,M.Tech,XE,SC,2025,389,389,,COAP 2025,88,true,
IIT (BHU) Varanasi,IITBHU,Varanasi,Uttar Pradesh,Mine Environment,M.Tech,XE,EWS,2025,399,399,,COAP 2025,88,true,
IIT (BHU) Varanasi,IITBHU,Varanasi,Uttar Pradesh,Rock Mechanics,M.Tech,XE,GENERAL,2025,438,438,,COAP 2025,88,true,
IIT (BHU) Varanasi,IITBHU,Varanasi,Uttar Pradesh,Rock Mechanics,M.Tech,XE,OBC_NCL,2025,471,471,,COAP 2025,88,true,
IIT (BHU) Varanasi,IITBHU,Varanasi,Uttar Pradesh,Rock Mechanics,M.Tech,XE,SC,2025,385,385,,COAP 2025,88,true,
IIT (BHU) Varanasi,IITBHU,Varanasi,Uttar Pradesh,Rock Mechanics,M.Tech,XE,ST,2025,361,361,,COAP 2025,88,true,
IIT (BHU) Varanasi,IITBHU,Varanasi,Uttar Pradesh,Rock Mechanics,M.Tech,XE,EWS,2025,361,361,,COAP 2025,88,true,
IIT (BHU) Varanasi,IITBHU,Varanasi,Uttar Pradesh,Mine Planning,M.Tech,XE,GENERAL,2025,500,500,,COAP 2025,88,true,
IIT (BHU) Varanasi,IITBHU,Varanasi,Uttar Pradesh,Mine Planning,M.Tech,XE,OBC_NCL,2025,529,529,,COAP 2025,88,true,
IIT (BHU) Varanasi,IITBHU,Varanasi,Uttar Pradesh,Mine Planning,M.Tech,XE,SC,2025,433,433,,COAP 2025,88,true,
IIT (BHU) Varanasi,IITBHU,Varanasi,Uttar Pradesh,Mine Planning,M.Tech,XE,ST,2025,351,351,,COAP 2025,88,true,
IIT (BHU) Varanasi,IITBHU,Varanasi,Uttar Pradesh,Mine Planning,M.Tech,XE,EWS,2025,457,457,,COAP 2025,88,true,
IIT (BHU) Varanasi,IITBHU,Varanasi,Uttar Pradesh,Power Systems,M.Tech,EE,GENERAL,2025,539,539,,COAP 2025,88,true,
IIT (BHU) Varanasi,IITBHU,Varanasi,Uttar Pradesh,Power Systems,M.Tech,EE,OBC_NCL,2025,492,492,,COAP 2025,88,true,
IIT (BHU) Varanasi,IITBHU,Varanasi,Uttar Pradesh,Power Systems,M.Tech,EE,SC,2025,413,413,,COAP 2025,88,true,
IIT (BHU) Varanasi,IITBHU,Varanasi,Uttar Pradesh,Power Systems,M.Tech,EE,ST,2025,328,328,,COAP 2025,88,true,
IIT (BHU) Varanasi,IITBHU,Varanasi,Uttar Pradesh,Electrical Machines and Drives,M.Tech,EE,GENERAL,2025,567,567,,COAP 2025,88,true,
IIT (BHU) Varanasi,IITBHU,Varanasi,Uttar Pradesh,Electrical Machines and Drives,M.Tech,EE,OBC_NCL,2025,508,508,,COAP 2025,88,true,
IIT (BHU) Varanasi,IITBHU,Varanasi,Uttar Pradesh,Electrical Machines and Drives,M.Tech,EE,SC,2025,433,433,,COAP 2025,88,true,
IIT (BHU) Varanasi,IITBHU,Varanasi,Uttar Pradesh,Electrical Machines and Drives,M.Tech,EE,ST,2025,303,303,,COAP 2025,88,true,
IIT (BHU) Varanasi,IITBHU,Varanasi,Uttar Pradesh,Control Systems,M.Tech,EE,GENERAL,2025,547,547,,COAP 2025,88,true,
IIT (BHU) Varanasi,IITBHU,Varanasi,Uttar Pradesh,Control Systems,M.Tech,EE,OBC_NCL,2025,515,515,,COAP 2025,88,true,
IIT (BHU) Varanasi,IITBHU,Varanasi,Uttar Pradesh,Control Systems,M.Tech,EE,SC,2025,405,405,,COAP 2025,88,true,
IIT (BHU) Varanasi,IITBHU,Varanasi,Uttar Pradesh,Control Systems,M.Tech,EE,ST,2025,267,267,,COAP 2025,88,true,
IIT (BHU) Varanasi,IITBHU,Varanasi,Uttar Pradesh,Control Systems,M.Tech,EE,GENERAL_PWD,2025,303,303,,COAP 2025,88,true,
IIT (BHU) Varanasi,IITBHU,Varanasi,Uttar Pradesh,Control Systems,M.Tech,EE,OBC_NCL_PWD,2025,322,322,,COAP 2025,88,true,
IIT (BHU) Varanasi,IITBHU,Varanasi,Uttar Pradesh,Power Electronics,M.Tech,EE,GENERAL,2025,622,622,,COAP 2025,88,true,
IIT (BHU) Varanasi,IITBHU,Varanasi,Uttar Pradesh,Power Electronics,M.Tech,EE,OBC_NCL,2025,531,531,,COAP 2025,88,true,
IIT (BHU) Varanasi,IITBHU,Varanasi,Uttar Pradesh,Power Electronics,M.Tech,EE,SC,2025,441,441,,COAP 2025,88,true,
IIT (BHU) Varanasi,IITBHU,Varanasi,Uttar Pradesh,Power Electronics,M.Tech,EE,ST,2025,366,366,,COAP 2025,88,true,
IIT (BHU) Varanasi,IITBHU,Varanasi,Uttar Pradesh,Communication System Engineering,M.Tech,EC,GENERAL,2025,553,553,,COAP 2025,88,true,
IIT (BHU) Varanasi,IITBHU,Varanasi,Uttar Pradesh,Communication System Engineering,M.Tech,EC,OBC_NCL,2025,360,360,,COAP 2025,88,true,
IIT (BHU) Varanasi,IITBHU,Varanasi,Uttar Pradesh,Communication System Engineering,M.Tech,EC,SC,2025,280,280,,COAP 2025,88,true,
IIT (BHU) Varanasi,IITBHU,Varanasi,Uttar Pradesh,Microelectronics,M.Tech,EC,GENERAL,2025,655,655,,COAP 2025,88,true,
IIT (BHU) Varanasi,IITBHU,Varanasi,Uttar Pradesh,Microelectronics,M.Tech,EC,OBC_NCL,2025,616,616,,COAP 2025,88,true,
IIT (BHU) Varanasi,IITBHU,Varanasi,Uttar Pradesh,Microelectronics,M.Tech,EC,SC,2025,495,495,,COAP 2025,88,true,
IIT (BHU) Varanasi,IITBHU,Varanasi,Uttar Pradesh,Microelectronics,M.Tech,EC,ST,2025,346,346,,COAP 2025,88,true,
IIT (BHU) Varanasi,IITBHU,Varanasi,Uttar Pradesh,Microelectronics,M.Tech,EC,EWS,2025,620,620,,COAP 2025,88,true,
IIT (BHU) Varanasi,IITBHU,Varanasi,Uttar Pradesh,Digital Systems Engineering,M.Tech,EC,GENERAL,2025,612,612,,COAP 2025,88,true,
IIT (BHU) Varanasi,IITBHU,Varanasi,Uttar Pradesh,Digital Systems Engineering,M.Tech,EC,OBC_NCL,2025,596,596,,COAP 2025,88,true,
IIT (BHU) Varanasi,IITBHU,Varanasi,Uttar Pradesh,Digital Systems Engineering,M.Tech,EC,SC,2025,420,420,,COAP 2025,88,true,
IIT (BHU) Varanasi,IITBHU,Varanasi,Uttar Pradesh,Digital Systems Engineering,M.Tech,EC,ST,2025,315,315,,COAP 2025,88,true,
IIT (BHU) Varanasi,IITBHU,Varanasi,Uttar Pradesh,Digital Systems Engineering,M.Tech,EC,EWS,2025,600,600,,COAP 2025,88,true,
IIT (BHU) Varanasi,IITBHU,Varanasi,Uttar Pradesh,VLSI Architecture & Chip Design,M.Tech,EC,GENERAL,2025,604,604,,COAP 2025,88,true,
IIT (BHU) Varanasi,IITBHU,Varanasi,Uttar Pradesh,VLSI Architecture & Chip Design,M.Tech,EC,OBC_NCL,2025,642,642,,COAP 2025,88,true,
IIT (BHU) Varanasi,IITBHU,Varanasi,Uttar Pradesh,VLSI Architecture & Chip Design,M.Tech,EC,SC,2025,534,534,,COAP 2025,88,true,
IIT (BHU) Varanasi,IITBHU,Varanasi,Uttar Pradesh,VLSI Architecture & Chip Design,M.Tech,EC,ST,2025,377,377,,COAP 2025,88,true,
IIT (BHU) Varanasi,IITBHU,Varanasi,Uttar Pradesh,VLSI Architecture & Chip Design,M.Tech,EC,EWS,2025,616,616,,COAP 2025,88,true,
IIT (BHU) Varanasi,IITBHU,Varanasi,Uttar Pradesh,Decision Sciences and Engineering,M.Tech,XE,GENERAL,2025,380,380,,COAP 2025,88,true,
IIT (BHU) Varanasi,IITBHU,Varanasi,Uttar Pradesh,Decision Sciences and Engineering,M.Tech,XE,OBC_NCL,2025,504,504,,COAP 2025,88,true,
IIT (BHU) Varanasi,IITBHU,Varanasi,Uttar Pradesh,Decision Sciences and Engineering,M.Tech,XE,SC,2025,417,417,,COAP 2025,88,true,
IIT (BHU) Varanasi,IITBHU,Varanasi,Uttar Pradesh,Decision Sciences and Engineering,M.Tech,XE,ST,2025,254,254,,COAP 2025,88,true,
IIT (BHU) Varanasi,IITBHU,Varanasi,Uttar Pradesh,Decision Sciences and Engineering,M.Tech,XE,EWS,2025,563,563,,COAP 2025,88,true,
IIT (BHU) Varanasi,IITBHU,Varanasi,Uttar Pradesh,Systems Engineering,M.Tech,XE,GENERAL,2025,536,536,,COAP 2025,88,true,
IIT (BHU) Varanasi,IITBHU,Varanasi,Uttar Pradesh,Systems Engineering,M.Tech,XE,OBC_NCL,2025,448,448,,COAP 2025,88,true,
IIT (BHU) Varanasi,IITBHU,Varanasi,Uttar Pradesh,Systems Engineering,M.Tech,XE,SC,2025,284,284,,COAP 2025,88,true,
IIT (BHU) Varanasi,IITBHU,Varanasi,Uttar Pradesh,Systems Engineering,M.Tech,XE,ST,2025,337,337,,COAP 2025,88,true,
IIT (BHU) Varanasi,IITBHU,Varanasi,Uttar Pradesh,Systems Engineering,M.Tech,XE,EWS,2025,492,492,,COAP 2025,88,true,
IIT (BHU) Varanasi,IITBHU,Varanasi,Uttar Pradesh,Materials Science and Technology,M.Tech,XE,GENERAL,2025,370,370,,COAP 2025,88,true,
IIT (BHU) Varanasi,IITBHU,Varanasi,Uttar Pradesh,Materials Science and Technology,M.Tech,XE,OBC_NCL,2025,323,323,,COAP 2025,88,true,
IIT (BHU) Varanasi,IITBHU,Varanasi,Uttar Pradesh,Materials Science and Technology,M.Tech,XE,SC,2025,213,213,,COAP 2025,88,true,
IIT (BHU) Varanasi,IITBHU,Varanasi,Uttar Pradesh,Materials Science and Technology,M.Tech,XE,EWS,2025,393,393,,COAP 2025,88,true,
IIT (BHU) Varanasi,IITBHU,Varanasi,Uttar Pradesh,Biochemical Engineering,M.Tech,BT,GENERAL,2025,578,578,,COAP 2025,88,true,
IIT (BHU) Varanasi,IITBHU,Varanasi,Uttar Pradesh,Biochemical Engineering,M.Tech,BT,OBC_NCL,2025,513,513,,COAP 2025,88,true,
IIT (BHU) Varanasi,IITBHU,Varanasi,Uttar Pradesh,Biochemical Engineering,M.Tech,BT,SC,2025,324,324,,COAP 2025,88,true,
IIT (BHU) Varanasi,IITBHU,Varanasi,Uttar Pradesh,Biochemical Engineering,M.Tech,BT,EWS,2025,560,560,,COAP 2025,88,true,
IIT (BHU) Varanasi,IITBHU,Varanasi,Uttar Pradesh,Biomedical Engineering,M.Tech,BT,GENERAL,2025,444,444,,COAP 2025,88,true,
IIT (BHU) Varanasi,IITBHU,Varanasi,Uttar Pradesh,Biomedical Engineering,M.Tech,BT,OBC_NCL,2025,368,368,,COAP 2025,88,true,
IIT (BHU) Varanasi,IITBHU,Varanasi,Uttar Pradesh,Biomedical Engineering,M.Tech,BT,SC,2025,256,256,,COAP 2025,88,true,
IIT (BHU) Varanasi,IITBHU,Varanasi,Uttar Pradesh,Biomedical Engineering,M.Tech,BT,ST,2025,283,283,,COAP 2025,88,true,
IIT (BHU) Varanasi,IITBHU,Varanasi,Uttar Pradesh,Biomedical Engineering,M.Tech,BT,EWS,2025,451,451,,COAP 2025,88,true,
IIT (BHU) Varanasi,IITBHU,Varanasi,Uttar Pradesh,Biosciences & Bioengineering (Medical Devices),M.Tech,BT,GENERAL,2025,366,366,,COAP 2025,88,true,
IIT (BHU) Varanasi,IITBHU,Varanasi,Uttar Pradesh,Biosciences & Bioengineering (Medical Devices),M.Tech,BT,OBC_NCL,2025,319,319,,COAP 2025,88,true,
IIT (BHU) Varanasi,IITBHU,Varanasi,Uttar Pradesh,Biosciences & Bioengineering (Medical Devices),M.Tech,BT,SC,2025,186,186,,COAP 2025,88,true,
IIT (BHU) Varanasi,IITBHU,Varanasi,Uttar Pradesh,Biosciences & Bioengineering (Medical Devices),M.Tech,BT,EWS,2025,311,311,,COAP 2025,88,true,
IIT Dharwad,IITDh,Dharwad,Karnataka,CSE,M.Tech,CS,GENERAL,2025,606,606,,COAP 2025,58,true,
IIT Dharwad,IITDh,Dharwad,Karnataka,CSE,M.Tech,CS,EWS,2025,605,605,,COAP 2025,58,true,
IIT Dharwad,IITDh,Dharwad,Karnataka,CSE,M.Tech,CS,OBC_NCL,2025,579,579,,COAP 2025,58,true,
IIT Dharwad,IITDh,Dharwad,Karnataka,CSE,M.Tech,CS,SC,2025,404,404,,COAP 2025,58,true,
IIT Dharwad,IITDh,Dharwad,Karnataka,CSE,M.Tech,CS,ST,2025,406,406,,COAP 2025,58,true,
IIT Dharwad,IITDh,Dharwad,Karnataka,CSE,M.Tech,CS,GENERAL_PWD,2025,443,443,,COAP 2025,58,true,
IIT Dharwad,IITDh,Dharwad,Karnataka,CS-PML,M.Tech,CS,GENERAL,2025,417,417,,COAP 2025,58,true,
IIT Dharwad,IITDh,Dharwad,Karnataka,CS-PML,M.Tech,CS,EWS,2025,405,405,,COAP 2025,58,true,
IIT Dharwad,IITDh,Dharwad,Karnataka,CS-PML,M.Tech,CS,OBC_NCL,2025,393,393,,COAP 2025,58,true,
IIT Dharwad,IITDh,Dharwad,Karnataka,CS-PML,M.Tech,CS,SC,2025,299,299,,COAP 2025,58,true,
IIT Dharwad,IITDh,Dharwad,Karnataka,CS-PML,M.Tech,CS,ST,2025,280,280,,COAP 2025,58,true,
IIT Dharwad,IITDh,Dharwad,Karnataka,MVLSI,M.Tech,EC,GENERAL,2025,464,464,,COAP 2025,58,true,
IIT Dharwad,IITDh,Dharwad,Karnataka,MVLSI,M.Tech,EC,EWS,2025,433,433,,COAP 2025,58,true,
IIT Dharwad,IITDh,Dharwad,Karnataka,MVLSI,M.Tech,EC,OBC_NCL,2025,456,456,,COAP 2025,58,true,
IIT Dharwad,IITDh,Dharwad,Karnataka,MVLSI,M.Tech,EC,SC,2025,346,346,,COAP 2025,58,true,
IIT Dharwad,IITDh,Dharwad,Karnataka,MVLSI,M.Tech,EC,ST,2025,288,288,,COAP 2025,58,true,
IIT Dharwad,IITDh,Dharwad,Karnataka,PEPS,M.Tech,EE,GENERAL,2025,397,397,,COAP 2025,58,true,
IIT Dharwad,IITDh,Dharwad,Karnataka,PEPS,M.Tech,EE,EWS,2025,367,367,,COAP 2025,58,true,
IIT Dharwad,IITDh,Dharwad,Karnataka,PEPS,M.Tech,EE,OBC_NCL,2025,378,378,,COAP 2025,58,true,
IIT Dharwad,IITDh,Dharwad,Karnataka,PEPS,M.Tech,EE,SC,2025,318,318,,COAP 2025,58,true,
IIT Dharwad,IITDh,Dharwad,Karnataka,PEPS,M.Tech,EE,ST,2025,263,263,,COAP 2025,58,true,
IIT Dharwad,IITDh,Dharwad,Karnataka,Design (ME),M.Tech,ME,GENERAL,2025,355,355,,COAP 2025,58,true,
IIT Dharwad,IITDh,Dharwad,Karnataka,Design (ME),M.Tech,ME,OBC_NCL,2025,352,352,,COAP 2025,58,true,
IIT Dharwad,IITDh,Dharwad,Karnataka,Design (ME),M.Tech,ME,SC,2025,249,249,,COAP 2025,58,true,
IIT Dharwad,IITDh,Dharwad,Karnataka,Design (ME),M.Tech,ME,ST,2025,238,238,,COAP 2025,58,true,
IIT Dharwad,IITDh,Dharwad,Karnataka,Manufacturing,M.Tech,ME,GENERAL,2025,321,321,,COAP 2025,58,true,
IIT Dharwad,IITDh,Dharwad,Karnataka,Manufacturing,M.Tech,ME,OBC_NCL,2025,326,326,,COAP 2025,58,true,
IIT Dharwad,IITDh,Dharwad,Karnataka,Manufacturing,M.Tech,ME,SC,2025,273,273,,COAP 2025,58,true,
IIT Dharwad,IITDh,Dharwad,Karnataka,Thermal,M.Tech,ME,GENERAL,2025,321,321,,COAP 2025,58,true,
IIT Dharwad,IITDh,Dharwad,Karnataka,Thermal,M.Tech,ME,OBC_NCL,2025,327,327,,COAP 2025,58,true,
IIT Dharwad,IITDh,Dharwad,Karnataka,Thermal,M.Tech,ME,SC,2025,293,293,,COAP 2025,58,true,
IIT Delhi,IITD,New Delhi,Delhi,AMA,M.Tech,CE,GENERAL,2025,511,511,,COAP 2025,98,true,
IIT Delhi,IITD,New Delhi,Delhi,AMA,M.Tech,CE,EWS,2025,563,563,,COAP 2025,98,true,
IIT Delhi,IITD,New Delhi,Delhi,AMA,M.Tech,CE,OBC_NCL,2025,543,543,,COAP 2025,98,true,
IIT Delhi,IITD,New Delhi,Delhi,AMA,M.Tech,CE,SC,2025,369,369,,COAP 2025,98,true,
IIT Delhi,IITD,New Delhi,Delhi,AMA,M.Tech,CE,ST,2025,314,314,,COAP 2025,98,true,
IIT Delhi,IITD,New Delhi,Delhi,AIB,M.Tech,CS,GENERAL,2025,720,720,,COAP 2025,98,true,
IIT Delhi,IITD,New Delhi,Delhi,AIB,M.Tech,CS,EWS,2025,680,680,,COAP 2025,98,true,
IIT Delhi,IITD,New Delhi,Delhi,AIB,M.Tech,CS,OBC_NCL,2025,640,640,,COAP 2025,98,true,
IIT Delhi,IITD,New Delhi,Delhi,AIB,M.Tech,CS,SC,2025,470,470,,COAP 2025,98,true,
IIT Delhi,IITD,New Delhi,Delhi,AIB,M.Tech,CS,ST,2025,300,300,,COAP 2025,98,true,
IIT Delhi,IITD,New Delhi,Delhi,AIB,M.Tech,CS,GENERAL_PWD,2025,200,200,,COAP 2025,98,true,
IIT Delhi,IITD,New Delhi,Delhi,BMT,M.Tech,BT,GENERAL,2025,450,450,,COAP 2025,98,true,
IIT Delhi,IITD,New Delhi,Delhi,BMT,M.Tech,BT,EWS,2025,450,450,,COAP 2025,98,true,
IIT Delhi,IITD,New Delhi,Delhi,BMT,M.Tech,BT,OBC_NCL,2025,427,427,,COAP 2025,98,true,
IIT Delhi,IITD,New Delhi,Delhi,BMT,M.Tech,BT,SC,2025,405,405,,COAP 2025,98,true,
IIT Delhi,IITD,New Delhi,Delhi,BMT,M.Tech,BT,ST,2025,405,405,,COAP 2025,98,true,
IIT Delhi,IITD,New Delhi,Delhi,BMT,M.Tech,BT,GENERAL_PWD,2025,405,405,,COAP 2025,98,true,
IIT Delhi,IITD,New Delhi,Delhi,CRF,M.Tech,ME,GENERAL,2025,630,630,,COAP 2025,98,true,
IIT Delhi,IITD,New Delhi,Delhi,CRF,M.Tech,ME,EWS,2025,600,600,,COAP 2025,98,true,
IIT Delhi,IITD,New Delhi,Delhi,CRF,M.Tech,ME,OBC_NCL,2025,590,590,,COAP 2025,98,true,
IIT Delhi,IITD,New Delhi,Delhi,CRF,M.Tech,ME,SC,2025,375,375,,COAP 2025,98,true,
IIT Delhi,IITD,New Delhi,Delhi,CRF,M.Tech,ME,ST,2025,300,300,,COAP 2025,98,true,
IIT Delhi,IITD,New Delhi,Delhi,CRF,M.Tech,ME,GENERAL_PWD,2025,319,319,,COAP 2025,98,true,
IIT Delhi,IITD,New Delhi,Delhi,AST,M.Tech,XE,GENERAL,2025,472,472,,COAP 2025,98,true,
IIT Delhi,IITD,New Delhi,Delhi,AST,M.Tech,XE,OBC_NCL,2025,422,422,,COAP 2025,98,true,
IIT Delhi,IITD,New Delhi,Delhi,AST,M.Tech,XE,SC,2025,379,379,,COAP 2025,98,true,
IIT Delhi,IITD,New Delhi,Delhi,CHE,M.Tech,CH,GENERAL,2025,497,497,,COAP 2025,98,true,
IIT Delhi,IITD,New Delhi,Delhi,CHE,M.Tech,CH,EWS,2025,511,511,,COAP 2025,98,true,
IIT Delhi,IITD,New Delhi,Delhi,CHE,M.Tech,CH,OBC_NCL,2025,408,408,,COAP 2025,98,true,
IIT Delhi,IITD,New Delhi,Delhi,CHE,M.Tech,CH,SC,2025,301,301,,COAP 2025,98,true,
IIT Delhi,IITD,New Delhi,Delhi,CHE,M.Tech,CH,ST,2025,310,310,,COAP 2025,98,true,
IIT Delhi,IITD,New Delhi,Delhi,CET,M.Tech,CH,GENERAL,2025,639,639,,COAP 2025,98,true,
IIT Delhi,IITD,New Delhi,Delhi,CET,M.Tech,CH,EWS,2025,662,662,,COAP 2025,98,true,
IIT Delhi,IITD,New Delhi,Delhi,CET,M.Tech,CH,OBC_NCL,2025,636,636,,COAP 2025,98,true,
IIT Delhi,IITD,New Delhi,Delhi,CET,M.Tech,CH,SC,2025,535,535,,COAP 2025,98,true,
IIT Delhi,IITD,New Delhi,Delhi,CET,M.Tech,CH,ST,2025,321,321,,COAP 2025,98,true,
IIT Delhi,IITD,New Delhi,Delhi,CET,M.Tech,CH,GENERAL_PWD,2025,344,344,,COAP 2025,98,true,
IIT Delhi,IITD,New Delhi,Delhi,MCS,M.Tech,CS,GENERAL,2025,800,800,,COAP 2025,98,true,
IIT Delhi,IITD,New Delhi,Delhi,MCS,M.Tech,CS,EWS,2025,815,815,,COAP 2025,98,true,
IIT Delhi,IITD,New Delhi,Delhi,MCS,M.Tech,CS,OBC_NCL,2025,718,718,,COAP 2025,98,true,
IIT Delhi,IITD,New Delhi,Delhi,MCS,M.Tech,CS,SC,2025,589,589,,COAP 2025,98,true,
IIT Delhi,IITD,New Delhi,Delhi,MCS,M.Tech,CS,ST,2025,556,556,,COAP 2025,98,true,
IIT Delhi,IITD,New Delhi,Delhi,MCS,M.Tech,CS,GENERAL_PWD,2025,784,784,,COAP 2025,98,true,
IIT Delhi,IITD,New Delhi,Delhi,EEE,M.Tech,EE,GENERAL,2025,596,596,,COAP 2025,98,true,
IIT Delhi,IITD,New Delhi,Delhi,EEE,M.Tech,EE,EWS,2025,608,608,,COAP 2025,98,true,
IIT Delhi,IITD,New Delhi,Delhi,EEE,M.Tech,EE,OBC_NCL,2025,600,600,,COAP 2025,98,true,
IIT Delhi,IITD,New Delhi,Delhi,EEE,M.Tech,EE,SC,2025,397,397,,COAP 2025,98,true,
IIT Delhi,IITD,New Delhi,Delhi,EET,M.Tech,EE,GENERAL,2025,760,760,,COAP 2025,98,true,
IIT Delhi,IITD,New Delhi,Delhi,EET,M.Tech,EE,EWS,2025,761,761,,COAP 2025,98,true,
IIT Delhi,IITD,New Delhi,Delhi,EET,M.Tech,EE,OBC_NCL,2025,718,718,,COAP 2025,98,true,
IIT Delhi,IITD,New Delhi,Delhi,EET,M.Tech,EE,SC,2025,552,552,,COAP 2025,98,true,
IIT Delhi,IITD,New Delhi,Delhi,EET,M.Tech,EE,ST,2025,440,440,,COAP 2025,98,true,
IIT Delhi,IITD,New Delhi,Delhi,EEN,M.Tech,EE,GENERAL,2025,772,772,,COAP 2025,98,true,
IIT Delhi,IITD,New Delhi,Delhi,EEN,M.Tech,EE,EWS,2025,788,788,,COAP 2025,98,true,
IIT Delhi,IITD,New Delhi,Delhi,EEN,M.Tech,EE,OBC_NCL,2025,721,721,,COAP 2025,98,true,
IIT Delhi,IITD,New Delhi,Delhi,EEN,M.Tech,EE,SC,2025,512,512,,COAP 2025,98,true,
IIT Delhi,IITD,New Delhi,Delhi,EEN,M.Tech,EE,ST,2025,413,413,,COAP 2025,98,true,
IIT Delhi,IITD,New Delhi,Delhi,EEP,M.Tech,EE,GENERAL,2025,614,614,,COAP 2025,98,true,
IIT Delhi,IITD,New Delhi,Delhi,EEP,M.Tech,EE,EWS,2025,519,519,,COAP 2025,98,true,
IIT Delhi,IITD,New Delhi,Delhi,EEP,M.Tech,EE,OBC_NCL,2025,547,547,,COAP 2025,98,true,
IIT Delhi,IITD,New Delhi,Delhi,EEP,M.Tech,EE,SC,2025,393,393,,COAP 2025,98,true,
IIT Delhi,IITD,New Delhi,Delhi,EEP,M.Tech,EE,ST,2025,346,346,,COAP 2025,98,true,
IIT Delhi,IITD,New Delhi,Delhi,MEM,M.Tech,ME,GENERAL,2025,746,746,,COAP 2025,98,true,
IIT Delhi,IITD,New Delhi,Delhi,MEM,M.Tech,ME,EWS,2025,615,615,,COAP 2025,98,true,
IIT Delhi,IITD,New Delhi,Delhi,MEM,M.Tech,ME,OBC_NCL,2025,715,715,,COAP 2025,98,true,
IIT Delhi,IITD,New Delhi,Delhi,MEM,M.Tech,ME,SC,2025,497,497,,COAP 2025,98,true,
IIT Delhi,IITD,New Delhi,Delhi,MEM,M.Tech,ME,ST,2025,359,359,,COAP 2025,98,true,
IIT Delhi,IITD,New Delhi,Delhi,MEM,M.Tech,ME,GENERAL_PWD,2025,352,352,,COAP 2025,98,true,
IIT Delhi,IITD,New Delhi,Delhi,MEE,M.Tech,ME,GENERAL,2025,715,715,,COAP 2025,98,true,
IIT Delhi,IITD,New Delhi,Delhi,MEE,M.Tech,ME,EWS,2025,700,700,,COAP 2025,98,true,
IIT Delhi,IITD,New Delhi,Delhi,MEE,M.Tech,ME,OBC_NCL,2025,628,628,,COAP 2025,98,true,
IIT Delhi,IITD,New Delhi,Delhi,MEE,M.Tech,ME,SC,2025,380,380,,COAP 2025,98,true,
IIT Delhi,IITD,New Delhi,Delhi,MEE,M.Tech,ME,ST,2025,290,290,,COAP 2025,98,true,
IIT Delhi,IITD,New Delhi,Delhi,MEE,M.Tech,ME,GENERAL_PWD,2025,255,255,,COAP 2025,98,true,
IIT Delhi,IITD,New Delhi,Delhi,MEP,M.Tech,ME,GENERAL,2025,511,511,,COAP 2025,98,true,
IIT Delhi,IITD,New Delhi,Delhi,MEP,M.Tech,ME,EWS,2025,461,461,,COAP 2025,98,true,
IIT Delhi,IITD,New Delhi,Delhi,MEP,M.Tech,ME,OBC_NCL,2025,504,504,,COAP 2025,98,true,
IIT Delhi,IITD,New Delhi,Delhi,MEP,M.Tech,ME,SC,2025,361,361,,COAP 2025,98,true,
IIT Delhi,IITD,New Delhi,Delhi,MEP,M.Tech,ME,ST,2025,266,266,,COAP 2025,98,true,
IIT Delhi,IITD,New Delhi,Delhi,MET,M.Tech,ME,GENERAL,2025,632,632,,COAP 2025,98,true,
IIT Delhi,IITD,New Delhi,Delhi,MET,M.Tech,ME,EWS,2025,504,504,,COAP 2025,98,true,
IIT Delhi,IITD,New Delhi,Delhi,MET,M.Tech,ME,OBC_NCL,2025,539,539,,COAP 2025,98,true,
IIT Delhi,IITD,New Delhi,Delhi,MET,M.Tech,ME,SC,2025,428,428,,COAP 2025,98,true,
IIT Delhi,IITD,New Delhi,Delhi,MET,M.Tech,ME,ST,2025,318,318,,COAP 2025,98,true,
IIT Gandhinagar,IITGN,Gandhinagar,Gujarat,Artificial Intelligence,M.Tech,CS,GENERAL,2025,721,721,,COAP 2025,86,true,
IIT Gandhinagar,IITGN,Gandhinagar,Gujarat,Artificial Intelligence,M.Tech,CS,EWS,2025,693,693,,COAP 2025,86,true,
IIT Gandhinagar,IITGN,Gandhinagar,Gujarat,Artificial Intelligence,M.Tech,CS,OBC_NCL,2025,647,647,,COAP 2025,86,true,
IIT Gandhinagar,IITGN,Gandhinagar,Gujarat,Artificial Intelligence,M.Tech,CS,SC,2025,522,522,,COAP 2025,86,true,
IIT Gandhinagar,IITGN,Gandhinagar,Gujarat,Artificial Intelligence,M.Tech,CS,ST,2025,393,393,,COAP 2025,86,true,
IIT Gandhinagar,IITGN,Gandhinagar,Gujarat,Biological Engineering,M.Tech,BT,GENERAL,2025,532,532,,COAP 2025,86,true,
IIT Gandhinagar,IITGN,Gandhinagar,Gujarat,Biological Engineering,M.Tech,BT,EWS,2025,383,383,,COAP 2025,86,true,
IIT Gandhinagar,IITGN,Gandhinagar,Gujarat,Biological Engineering,M.Tech,BT,OBC_NCL,2025,435,435,,COAP 2025,86,true,
IIT Gandhinagar,IITGN,Gandhinagar,Gujarat,Biological Engineering,M.Tech,BT,SC,2025,217,217,,COAP 2025,86,true,
IIT Gandhinagar,IITGN,Gandhinagar,Gujarat,Biological Engineering,M.Tech,BT,ST,2025,181,181,,COAP 2025,86,true,
IIT Gandhinagar,IITGN,Gandhinagar,Gujarat,Chemical Engineering,M.Tech,CH,GENERAL,2025,325,325,,COAP 2025,86,true,
IIT Gandhinagar,IITGN,Gandhinagar,Gujarat,Chemical Engineering,M.Tech,CH,EWS,2025,325,325,,COAP 2025,86,true,
IIT Gandhinagar,IITGN,Gandhinagar,Gujarat,Chemical Engineering,M.Tech,CH,OBC_NCL,2025,320,320,,COAP 2025,86,true,
IIT Gandhinagar,IITGN,Gandhinagar,Gujarat,Chemical Engineering,M.Tech,CH,SC,2025,222,222,,COAP 2025,86,true,
IIT Gandhinagar,IITGN,Gandhinagar,Gujarat,Chemical Engineering,M.Tech,CH,ST,2025,227,227,,COAP 2025,86,true,
IIT Gandhinagar,IITGN,Gandhinagar,Gujarat,Civil Engineering,M.Tech,CE,GENERAL,2025,351,351,,COAP 2025,86,true,
IIT Gandhinagar,IITGN,Gandhinagar,Gujarat,Civil Engineering,M.Tech,CE,EWS,2025,363,363,,COAP 2025,86,true,
IIT Gandhinagar,IITGN,Gandhinagar,Gujarat,Civil Engineering,M.Tech,CE,OBC_NCL,2025,328,328,,COAP 2025,86,true,
IIT Gandhinagar,IITGN,Gandhinagar,Gujarat,Civil Engineering,M.Tech,CE,SC,2025,253,253,,COAP 2025,86,true,
IIT Gandhinagar,IITGN,Gandhinagar,Gujarat,Civil Engineering,M.Tech,CE,ST,2025,247,247,,COAP 2025,86,true,
IIT Gandhinagar,IITGN,Gandhinagar,Gujarat,Computer Science and Engineering,M.Tech,CS,GENERAL,2025,747,747,,COAP 2025,86,true,
IIT Gandhinagar,IITGN,Gandhinagar,Gujarat,Computer Science and Engineering,M.Tech,CS,EWS,2025,752,752,,COAP 2025,86,true,
IIT Gandhinagar,IITGN,Gandhinagar,Gujarat,Computer Science and Engineering,M.Tech,CS,OBC_NCL,2025,693,693,,COAP 2025,86,true,
IIT Gandhinagar,IITGN,Gandhinagar,Gujarat,Computer Science and Engineering,M.Tech,CS,SC,2025,531,531,,COAP 2025,86,true,
IIT Gandhinagar,IITGN,Gandhinagar,Gujarat,Computer Science and Engineering,M.Tech,CS,ST,2025,456,456,,COAP 2025,86,true,
IIT Gandhinagar,IITGN,Gandhinagar,Gujarat,Earth System Science,M.Tech,XE,GENERAL,2025,371,371,,COAP 2025,86,true,
IIT Gandhinagar,IITGN,Gandhinagar,Gujarat,Earth System Science,M.Tech,XE,EWS,2025,312,312,,COAP 2025,86,true,
IIT Gandhinagar,IITGN,Gandhinagar,Gujarat,Earth System Science,M.Tech,XE,OBC_NCL,2025,295,295,,COAP 2025,86,true,
IIT Gandhinagar,IITGN,Gandhinagar,Gujarat,Earth System Science,M.Tech,XE,SC,2025,160,160,,COAP 2025,86,true,
IIT Gandhinagar,IITGN,Gandhinagar,Gujarat,Earth System Science,M.Tech,XE,ST,2025,255,255,,COAP 2025,86,true,
IIT Gandhinagar,IITGN,Gandhinagar,Gujarat,Electrical Engineering,M.Tech,EE,GENERAL,2025,526,526,,COAP 2025,86,true,
IIT Gandhinagar,IITGN,Gandhinagar,Gujarat,Electrical Engineering,M.Tech,EE,EWS,2025,492,492,,COAP 2025,86,true,
IIT Gandhinagar,IITGN,Gandhinagar,Gujarat,Electrical Engineering,M.Tech,EE,OBC_NCL,2025,480,480,,COAP 2025,86,true,
IIT Gandhinagar,IITGN,Gandhinagar,Gujarat,Electrical Engineering,M.Tech,EE,SC,2025,378,378,,COAP 2025,86,true,
IIT Gandhinagar,IITGN,Gandhinagar,Gujarat,Electrical Engineering,M.Tech,EE,ST,2025,268,268,,COAP 2025,86,true,
IIT Gandhinagar,IITGN,Gandhinagar,Gujarat,Integrated Circuit Design and Technology,M.Tech,EC,GENERAL,2025,598,598,,COAP 2025,86,true,
IIT Gandhinagar,IITGN,Gandhinagar,Gujarat,Integrated Circuit Design and Technology,M.Tech,EC,EWS,2025,538,538,,COAP 2025,86,true,
IIT Gandhinagar,IITGN,Gandhinagar,Gujarat,Integrated Circuit Design and Technology,M.Tech,EC,OBC_NCL,2025,569,569,,COAP 2025,86,true,
IIT Gandhinagar,IITGN,Gandhinagar,Gujarat,Integrated Circuit Design and Technology,M.Tech,EC,SC,2025,410,410,,COAP 2025,86,true,
IIT Gandhinagar,IITGN,Gandhinagar,Gujarat,Integrated Circuit Design and Technology,M.Tech,EC,ST,2025,310,310,,COAP 2025,86,true,
IIT Gandhinagar,IITGN,Gandhinagar,Gujarat,Materials Engineering,M.Tech,XE,GENERAL,2025,358,358,,COAP 2025,86,true,
IIT Gandhinagar,IITGN,Gandhinagar,Gujarat,Materials Engineering,M.Tech,XE,EWS,2025,311,311,,COAP 2025,86,true,
IIT Gandhinagar,IITGN,Gandhinagar,Gujarat,Materials Engineering,M.Tech,XE,OBC_NCL,2025,308,308,,COAP 2025,86,true,
IIT Gandhinagar,IITGN,Gandhinagar,Gujarat,Materials Engineering,M.Tech,XE,SC,2025,191,191,,COAP 2025,86,true,
IIT Gandhinagar,IITGN,Gandhinagar,Gujarat,Materials Engineering,M.Tech,XE,ST,2025,243,243,,COAP 2025,86,true,
IIT Gandhinagar,IITGN,Gandhinagar,Gujarat,Mechanical Engineering,M.Tech,ME,GENERAL,2025,477,477,,COAP 2025,86,true,
IIT Gandhinagar,IITGN,Gandhinagar,Gujarat,Mechanical Engineering,M.Tech,ME,EWS,2025,445,445,,COAP 2025,86,true,
IIT Gandhinagar,IITGN,Gandhinagar,Gujarat,Mechanical Engineering,M.Tech,ME,OBC_NCL,2025,345,345,,COAP 2025,86,true,
IIT Gandhinagar,IITGN,Gandhinagar,Gujarat,Mechanical Engineering,M.Tech,ME,SC,2025,222,222,,COAP 2025,86,true,
IIT Gandhinagar,IITGN,Gandhinagar,Gujarat,Mechanical Engineering,M.Tech,ME,ST,2025,257,257,,COAP 2025,86,true,
IIT Goa,IITGoa,Goa,Goa,CSE,M.Tech,CS,GENERAL,2025,618,618,,COAP 2025,62,true,
IIT Goa,IITGoa,Goa,Goa,CSE,M.Tech,CS,OBC_NCL,2025,622,622,,COAP 2025,62,true,
IIT Goa,IITGoa,Goa,Goa,CSE,M.Tech,CS,SC,2025,546,546,,COAP 2025,62,true,
IIT Goa,IITGoa,Goa,Goa,CSE,M.Tech,CS,EWS,2025,602,602,,COAP 2025,62,true,
IIT Goa,IITGoa,Goa,Goa,EE,M.Tech,EE,GENERAL,2025,437,437,,COAP 2025,62,true,
IIT Goa,IITGoa,Goa,Goa,EE,M.Tech,EE,OBC_NCL,2025,441,441,,COAP 2025,62,true,
IIT Goa,IITGoa,Goa,Goa,EE,M.Tech,EE,SC,2025,362,362,,COAP 2025,62,true,
IIT Goa,IITGoa,Goa,Goa,EE,M.Tech,EE,EWS,2025,401,401,,COAP 2025,62,true,
IIT Goa,IITGoa,Goa,Goa,MST,M.Tech,XE,GENERAL,2025,400,400,,COAP 2025,62,true,
IIT Goa,IITGoa,Goa,Goa,MST,M.Tech,XE,OBC_NCL,2025,376,376,,COAP 2025,62,true,
IIT Goa,IITGoa,Goa,Goa,ME,M.Tech,ME,GENERAL,2025,236,236,,COAP 2025,62,true,
IIT Goa,IITGoa,Goa,Goa,ME,M.Tech,ME,OBC_NCL,2025,351,351,,COAP 2025,62,true,
IIT Goa,IITGoa,Goa,Goa,ME,M.Tech,ME,SC,2025,276,276,,COAP 2025,62,true,
IIT Goa,IITGoa,Goa,Goa,ME,M.Tech,ME,EWS,2025,302,302,,COAP 2025,62,true,
IIT Goa,IITGoa,Goa,Goa,ChE,M.Tech,CH,GENERAL,2025,227,227,,COAP 2025,62,true,
IIT Goa,IITGoa,Goa,Goa,ChE,M.Tech,CH,OBC_NCL,2025,298,298,,COAP 2025,62,true,
IIT Guwahati,IITG,Guwahati,Assam,CSE,M.Tech,CS,GENERAL,2025,772,772,,COAP 2025,90,true,
IIT Guwahati,IITG,Guwahati,Assam,CSE,M.Tech,CS,OBC_NCL,2025,714,714,,COAP 2025,90,true,
IIT Guwahati,IITG,Guwahati,Assam,CSE,M.Tech,CS,EWS,2025,752,752,,COAP 2025,90,true,
IIT Guwahati,IITG,Guwahati,Assam,CSE,M.Tech,CS,SC,2025,589,589,,COAP 2025,90,true,
IIT Guwahati,IITG,Guwahati,Assam,CSE,M.Tech,CS,ST,2025,456,456,,COAP 2025,90,true,
IIT Guwahati,IITG,Guwahati,Assam,EEE Communication,M.Tech,EE,GENERAL,2025,596,596,,COAP 2025,90,true,
IIT Guwahati,IITG,Guwahati,Assam,EEE Communication,M.Tech,EE,OBC_NCL,2025,573,573,,COAP 2025,90,true,
IIT Guwahati,IITG,Guwahati,Assam,EEE Communication,M.Tech,EE,ST,2025,335,335,,COAP 2025,90,true,
IIT Guwahati,IITG,Guwahati,Assam,EEE Power,M.Tech,EE,GENERAL,2025,559,559,,COAP 2025,90,true,
IIT Guwahati,IITG,Guwahati,Assam,EEE Power,M.Tech,EE,OBC_NCL,2025,535,535,,COAP 2025,90,true,
IIT Guwahati,IITG,Guwahati,Assam,EEE Power,M.Tech,EE,EWS,2025,527,527,,COAP 2025,90,true,
IIT Guwahati,IITG,Guwahati,Assam,EEE Power,M.Tech,EE,SC,2025,508,508,,COAP 2025,90,true,
IIT Guwahati,IITG,Guwahati,Assam,EEE Power,M.Tech,EE,ST,2025,407,407,,COAP 2025,90,true,
IIT Guwahati,IITG,Guwahati,Assam,EEE VLSI,M.Tech,EC,GENERAL,2025,717,717,,COAP 2025,90,true,
IIT Guwahati,IITG,Guwahati,Assam,EEE VLSI,M.Tech,EC,OBC_NCL,2025,655,655,,COAP 2025,90,true,
IIT Guwahati,IITG,Guwahati,Assam,EEE VLSI,M.Tech,EC,EWS,2025,635,635,,COAP 2025,90,true,
IIT Guwahati,IITG,Guwahati,Assam,EEE VLSI,M.Tech,EC,SC,2025,475,475,,COAP 2025,90,true,
IIT Guwahati,IITG,Guwahati,Assam,EEE VLSI,M.Tech,EC,ST,2025,432,432,,COAP 2025,90,true,
IIT Guwahati,IITG,Guwahati,Assam,ME Aerodynamics,M.Tech,ME,GENERAL,2025,573,573,,COAP 2025,90,true,
IIT Guwahati,IITG,Guwahati,Assam,ME Aerodynamics,M.Tech,ME,OBC_NCL,2025,535,535,,COAP 2025,90,true,
IIT Guwahati,IITG,Guwahati,Assam,ME Aerodynamics,M.Tech,ME,SC,2025,376,376,,COAP 2025,90,true,
IIT Guwahati,IITG,Guwahati,Assam,ME Aerodynamics,M.Tech,ME,ST,2025,259,259,,COAP 2025,90,true,
IIT Guwahati,IITG,Guwahati,Assam,ME Manufacturing,M.Tech,ME,GENERAL,2025,556,556,,COAP 2025,90,true,
IIT Guwahati,IITG,Guwahati,Assam,ME Manufacturing,M.Tech,ME,OBC_NCL,2025,511,511,,COAP 2025,90,true,
IIT Guwahati,IITG,Guwahati,Assam,ME Manufacturing,M.Tech,ME,EWS,2025,449,449,,COAP 2025,90,true,
IIT Guwahati,IITG,Guwahati,Assam,ME Manufacturing,M.Tech,ME,SC,2025,338,338,,COAP 2025,90,true,
IIT Guwahati,IITG,Guwahati,Assam,ME Manufacturing,M.Tech,ME,ST,2025,404,404,,COAP 2025,90,true,
IIT Guwahati,IITG,Guwahati,Assam,ME Thermal,M.Tech,ME,GENERAL,2025,553,553,,COAP 2025,90,true,
IIT Guwahati,IITG,Guwahati,Assam,ME Thermal,M.Tech,ME,OBC_NCL,2025,508,508,,COAP 2025,90,true,
IIT Guwahati,IITG,Guwahati,Assam,ME Thermal,M.Tech,ME,EWS,2025,473,473,,COAP 2025,90,true,
IIT Guwahati,IITG,Guwahati,Assam,ME Thermal,M.Tech,ME,SC,2025,345,345,,COAP 2025,90,true,
IIT Guwahati,IITG,Guwahati,Assam,ME Thermal,M.Tech,ME,ST,2025,273,273,,COAP 2025,90,true,
IIT Guwahati,IITG,Guwahati,Assam,CE Structural,M.Tech,CE,GENERAL,2025,562,562,,COAP 2025,90,true,
IIT Guwahati,IITG,Guwahati,Assam,CE Structural,M.Tech,CE,OBC_NCL,2025,513,513,,COAP 2025,90,true,
IIT Guwahati,IITG,Guwahati,Assam,CE Structural,M.Tech,CE,EWS,2025,503,503,,COAP 2025,90,true,
IIT Guwahati,IITG,Guwahati,Assam,CE Structural,M.Tech,CE,SC,2025,427,427,,COAP 2025,90,true,
IIT Guwahati,IITG,Guwahati,Assam,CE Structural,M.Tech,CE,ST,2025,374,374,,COAP 2025,90,true,
IIT Guwahati,IITG,Guwahati,Assam,Biotechnology,M.Tech,BT,GENERAL,2025,618,618,,COAP 2025,90,true,
IIT Guwahati,IITG,Guwahati,Assam,Biotechnology,M.Tech,BT,OBC_NCL,2025,461,461,,COAP 2025,90,true,
IIT Guwahati,IITG,Guwahati,Assam,Biotechnology,M.Tech,BT,EWS,2025,506,506,,COAP 2025,90,true,
IIT Guwahati,IITG,Guwahati,Assam,Biotechnology,M.Tech,BT,SC,2025,358,358,,COAP 2025,90,true,
IIT Guwahati,IITG,Guwahati,Assam,Biotechnology,M.Tech,BT,ST,2025,181,181,,COAP 2025,90,true,
IIT Guwahati,IITG,Guwahati,Assam,Data Science,M.Tech,CS,GENERAL,2025,806,806,,COAP 2025,90,true,
IIT Guwahati,IITG,Guwahati,Assam,Data Science,M.Tech,CS,OBC_NCL,2025,718,718,,COAP 2025,90,true,
IIT Guwahati,IITG,Guwahati,Assam,Data Science,M.Tech,CS,EWS,2025,744,744,,COAP 2025,90,true,
IIT Guwahati,IITG,Guwahati,Assam,Data Science,M.Tech,CS,SC,2025,559,559,,COAP 2025,90,true,
IIT Guwahati,IITG,Guwahati,Assam,Data Science,M.Tech,CS,ST,2025,453,453,,COAP 2025,90,true,
IIT Guwahati,IITG,Guwahati,Assam,Robotics and AI,M.Tech,CS,GENERAL,2025,747,747,,COAP 2025,90,true,
IIT Guwahati,IITG,Guwahati,Assam,Robotics and AI,M.Tech,CS,OBC_NCL,2025,694,694,,COAP 2025,90,true,
IIT Guwahati,IITG,Guwahati,Assam,Robotics and AI,M.Tech,CS,EWS,2025,718,718,,COAP 2025,90,true,
IIT Guwahati,IITG,Guwahati,Assam,Robotics and AI,M.Tech,CS,SC,2025,531,531,,COAP 2025,90,true,
IIT Guwahati,IITG,Guwahati,Assam,Robotics and AI,M.Tech,CS,ST,2025,390,390,,COAP 2025,90,true,
IIT Hyderabad,IITH,Hyderabad,Telangana,Artificial Intelligence,M.Tech,CS,GENERAL,2025,772,772,,COAP 2025,92,true,
IIT Hyderabad,IITH,Hyderabad,Telangana,Artificial Intelligence,M.Tech,CS,OBC_NCL,2025,721,721,,COAP 2025,92,true,
IIT Hyderabad,IITH,Hyderabad,Telangana,Artificial Intelligence,M.Tech,CS,SC,2025,537,537,,COAP 2025,92,true,
IIT Hyderabad,IITH,Hyderabad,Telangana,Artificial Intelligence,M.Tech,CS,ST,2025,546,546,,COAP 2025,92,true,
IIT Hyderabad,IITH,Hyderabad,Telangana,Computer Science and Engineering,M.Tech,CS,GENERAL,2025,800,800,,COAP 2025,92,true,
IIT Hyderabad,IITH,Hyderabad,Telangana,Computer Science and Engineering,M.Tech,CS,OBC_NCL,2025,734,734,,COAP 2025,92,true,
IIT Hyderabad,IITH,Hyderabad,Telangana,Computer Science and Engineering,M.Tech,CS,SC,2025,281,281,,COAP 2025,92,true,
IIT Hyderabad,IITH,Hyderabad,Telangana,Computer Science and Engineering,M.Tech,CS,ST,2025,546,546,,COAP 2025,92,true,
IIT Hyderabad,IITH,Hyderabad,Telangana,Microelectronics and VLSI,M.Tech,EC,GENERAL,2025,736,736,,COAP 2025,92,true,
IIT Hyderabad,IITH,Hyderabad,Telangana,Microelectronics and VLSI,M.Tech,EC,SC,2025,596,596,,COAP 2025,92,true,
IIT Hyderabad,IITH,Hyderabad,Telangana,Microelectronics and VLSI,M.Tech,EC,ST,2025,500,500,,COAP 2025,92,true,
IIT Hyderabad,IITH,Hyderabad,Telangana,Power Electronics and Power Systems,M.Tech,EE,GENERAL,2025,602,602,,COAP 2025,92,true,
IIT Hyderabad,IITH,Hyderabad,Telangana,Power Electronics and Power Systems,M.Tech,EE,OBC_NCL,2025,582,582,,COAP 2025,92,true,
IIT Hyderabad,IITH,Hyderabad,Telangana,Power Electronics and Power Systems,M.Tech,EE,SC,2025,578,578,,COAP 2025,92,true,
IIT Hyderabad,IITH,Hyderabad,Telangana,Power Electronics and Power Systems,M.Tech,EE,ST,2025,413,413,,COAP 2025,92,true,
IIT Hyderabad,IITH,Hyderabad,Telangana,Mechanical (Thermo-fluid),M.Tech,ME,GENERAL,2025,573,573,,COAP 2025,92,true,
IIT Hyderabad,IITH,Hyderabad,Telangana,Mechanical (Thermo-fluid),M.Tech,ME,OBC_NCL,2025,525,525,,COAP 2025,92,true,
IIT Hyderabad,IITH,Hyderabad,Telangana,Mechanical (Thermo-fluid),M.Tech,ME,SC,2025,323,323,,COAP 2025,92,true,
IIT Hyderabad,IITH,Hyderabad,Telangana,Materials Science and Metallurgical Engineering,M.Tech,XE,GENERAL,2025,453,453,,COAP 2025,92,true,
IIT Hyderabad,IITH,Hyderabad,Telangana,Materials Science and Metallurgical Engineering,M.Tech,XE,OBC_NCL,2025,463,463,,COAP 2025,92,true,
IIT Hyderabad,IITH,Hyderabad,Telangana,Materials Science and Metallurgical Engineering,M.Tech,XE,SC,2025,257,257,,COAP 2025,92,true,
IIT Hyderabad,IITH,Hyderabad,Telangana,Chemical Engineering,M.Tech,CH,GENERAL,2025,418,418,,COAP 2025,92,true,
IIT Hyderabad,IITH,Hyderabad,Telangana,Chemical Engineering,M.Tech,CH,OBC_NCL,2025,369,369,,COAP 2025,92,true,
IIT Hyderabad,IITH,Hyderabad,Telangana,Chemical Engineering,M.Tech,CH,SC,2025,262,262,,COAP 2025,92,true,
IIT Hyderabad,IITH,Hyderabad,Telangana,Energy Science and Technology,M.Tech,XE,GENERAL,2025,521,521,,COAP 2025,92,true,
IIT Hyderabad,IITH,Hyderabad,Telangana,Energy Science and Technology,M.Tech,XE,OBC_NCL,2025,446,446,,COAP 2025,92,true,
IIT Hyderabad,IITH,Hyderabad,Telangana,Energy Science and Technology,M.Tech,XE,SC,2025,294,294,,COAP 2025,92,true,
IIT Hyderabad,IITH,Hyderabad,Telangana,Environmental Engineering,M.Tech,CE,GENERAL,2025,484,484,,COAP 2025,92,true,
IIT Hyderabad,IITH,Hyderabad,Telangana,Environmental Engineering,M.Tech,CE,OBC_NCL,2025,446,446,,COAP 2025,92,true,
IIT Hyderabad,IITH,Hyderabad,Telangana,Geotechnical Engineering,M.Tech,CE,GENERAL,2025,416,416,,COAP 2025,92,true,
IIT Hyderabad,IITH,Hyderabad,Telangana,Geotechnical Engineering,M.Tech,CE,OBC_NCL,2025,463,463,,COAP 2025,92,true,
IIT Hyderabad,IITH,Hyderabad,Telangana,Geotechnical Engineering,M.Tech,CE,SC,2025,340,340,,COAP 2025,92,true,
IIT Hyderabad,IITH,Hyderabad,Telangana,Hydraulics and Water Resources,M.Tech,CE,GENERAL,2025,415,415,,COAP 2025,92,true,
IIT Hyderabad,IITH,Hyderabad,Telangana,Hydraulics and Water Resources,M.Tech,CE,SC,2025,322,322,,COAP 2025,92,true,
IIT Hyderabad,IITH,Hyderabad,Telangana,Robotics and Intelligent Systems,M.Tech,ME,GENERAL,2025,567,567,,COAP 2025,92,true,
IIT Hyderabad,IITH,Hyderabad,Telangana,Network and Information Security,M.Tech,CS,GENERAL,2025,772,772,,COAP 2025,92,true,
IIT Hyderabad,IITH,Hyderabad,Telangana,Network and Information Security,M.Tech,CS,SC,2025,597,597,,COAP 2025,92,true,
IIT Hyderabad,IITH,Hyderabad,Telangana,Biotechnology,M.Tech,BT,GENERAL,2025,645,645,,COAP 2025,92,true,
IIT Hyderabad,IITH,Hyderabad,Telangana,Biotechnology,M.Tech,BT,OBC_NCL,2025,539,539,,COAP 2025,92,true,
IIT Hyderabad,IITH,Hyderabad,Telangana,Biotechnology,M.Tech,BT,SC,2025,246,246,,COAP 2025,92,true,
IIT Hyderabad,IITH,Hyderabad,Telangana,Structural Engineering,M.Tech,CE,SC,2025,393,393,,COAP 2025,92,true,
IIT Hyderabad,IITH,Hyderabad,Telangana,Systems and Control,M.Tech,EE,GENERAL,2025,608,608,,COAP 2025,92,true,
IIT Hyderabad,IITH,Hyderabad,Telangana,Systems and Control,M.Tech,EE,SC,2025,374,374,,COAP 2025,92,true,
IIT Hyderabad,IITH,Hyderabad,Telangana,Sustainable Engineering,M.Tech,CE,SC,2025,203,203,,COAP 2025,92,true,
IIT Hyderabad,IITH,Hyderabad,Telangana,Ophthalmic Engineering,M.Tech,BT,GENERAL,2025,279,279,,COAP 2025,92,true,
IIT Indore,IITI,Indore,Madhya Pradesh,CSE,M.Tech,CS,GENERAL,2025,754,754,,COAP 2025,89,true,
IIT Indore,IITI,Indore,Madhya Pradesh,CSE,M.Tech,CS,EWS,2025,735,735,,COAP 2025,89,true,
IIT Indore,IITI,Indore,Madhya Pradesh,CSE,M.Tech,CS,OBC_NCL,2025,704,704,,COAP 2025,89,true,
IIT Indore,IITI,Indore,Madhya Pradesh,CSE,M.Tech,CS,SC,2025,385,385,,COAP 2025,89,true,
IIT Indore,IITI,Indore,Madhya Pradesh,CSE,M.Tech,CS,ST,2025,443,443,,COAP 2025,89,true,
IIT Indore,IITI,Indore,Madhya Pradesh,Advanced Manufacturing,M.Tech,ME,GENERAL,2025,443,443,,COAP 2025,89,true,
IIT Indore,IITI,Indore,Madhya Pradesh,Advanced Manufacturing,M.Tech,ME,OBC_NCL,2025,387,387,,COAP 2025,89,true,
IIT Indore,IITI,Indore,Madhya Pradesh,Advanced Manufacturing,M.Tech,ME,SC,2025,269,269,,COAP 2025,89,true,
IIT Indore,IITI,Indore,Madhya Pradesh,Biomedical Engineering,M.Tech,BT,GENERAL,2025,530,530,,COAP 2025,89,true,
IIT Indore,IITI,Indore,Madhya Pradesh,Biomedical Engineering,M.Tech,BT,OBC_NCL,2025,497,497,,COAP 2025,89,true,
IIT Indore,IITI,Indore,Madhya Pradesh,Biomedical Engineering,M.Tech,BT,SC,2025,184,184,,COAP 2025,89,true,
IIT Indore,IITI,Indore,Madhya Pradesh,Communication and Signal Processing,M.Tech,EC,GENERAL,2025,524,524,,COAP 2025,89,true,
IIT Indore,IITI,Indore,Madhya Pradesh,Communication and Signal Processing,M.Tech,EC,EWS,2025,424,424,,COAP 2025,89,true,
IIT Indore,IITI,Indore,Madhya Pradesh,Communication and Signal Processing,M.Tech,EC,OBC_NCL,2025,499,499,,COAP 2025,89,true,
IIT Indore,IITI,Indore,Madhya Pradesh,Materials Science,M.Tech,XE,GENERAL,2025,291,291,,COAP 2025,89,true,
IIT Indore,IITI,Indore,Madhya Pradesh,Materials Science,M.Tech,XE,OBC_NCL,2025,338,338,,COAP 2025,89,true,
IIT Indore,IITI,Indore,Madhya Pradesh,Materials Science,M.Tech,XE,SC,2025,232,232,,COAP 2025,89,true,
IIT Indore,IITI,Indore,Madhya Pradesh,Mechanical Systems Design,M.Tech,ME,GENERAL,2025,539,539,,COAP 2025,89,true,
IIT Indore,IITI,Indore,Madhya Pradesh,Mechanical Systems Design,M.Tech,ME,EWS,2025,456,456,,COAP 2025,89,true,
IIT Indore,IITI,Indore,Madhya Pradesh,Mechanical Systems Design,M.Tech,ME,OBC_NCL,2025,528,528,,COAP 2025,89,true,
IIT Indore,IITI,Indore,Madhya Pradesh,Mechanical Systems Design,M.Tech,ME,SC,2025,253,253,,COAP 2025,89,true,
IIT Indore,IITI,Indore,Madhya Pradesh,Power Systems and Power Electronics,M.Tech,EE,GENERAL,2025,463,463,,COAP 2025,89,true,
IIT Indore,IITI,Indore,Madhya Pradesh,Power Systems and Power Electronics,M.Tech,EE,OBC_NCL,2025,472,472,,COAP 2025,89,true,
IIT Indore,IITI,Indore,Madhya Pradesh,Power Systems and Power Electronics,M.Tech,EE,SC,2025,279,279,,COAP 2025,89,true,
IIT Indore,IITI,Indore,Madhya Pradesh,Space Engineering,M.Tech,XE,GENERAL,2025,424,424,,COAP 2025,89,true,
IIT Indore,IITI,Indore,Madhya Pradesh,Space Engineering,M.Tech,XE,OBC_NCL,2025,392,392,,COAP 2025,89,true,
IIT Indore,IITI,Indore,Madhya Pradesh,Structural Engineering,M.Tech,CE,GENERAL,2025,464,464,,COAP 2025,89,true,
IIT Indore,IITI,Indore,Madhya Pradesh,Structural Engineering,M.Tech,CE,OBC_NCL,2025,495,495,,COAP 2025,89,true,
IIT Indore,IITI,Indore,Madhya Pradesh,Structural Engineering,M.Tech,CE,SC,2025,370,370,,COAP 2025,89,true,
IIT Indore,IITI,Indore,Madhya Pradesh,Thermal Energy Systems,M.Tech,ME,GENERAL,2025,279,279,,COAP 2025,89,true,
IIT Indore,IITI,Indore,Madhya Pradesh,Thermal Energy Systems,M.Tech,ME,OBC_NCL,2025,449,449,,COAP 2025,89,true,
IIT Indore,IITI,Indore,Madhya Pradesh,Thermal Energy Systems,M.Tech,ME,SC,2025,241,241,,COAP 2025,89,true,
IIT Indore,IITI,Indore,Madhya Pradesh,VLSI Design and Nanoelectronics,M.Tech,EC,GENERAL,2025,604,604,,COAP 2025,89,true,
IIT Indore,IITI,Indore,Madhya Pradesh,VLSI Design and Nanoelectronics,M.Tech,EC,OBC_NCL,2025,573,573,,COAP 2025,89,true,
IIT Indore,IITI,Indore,Madhya Pradesh,VLSI Design and Nanoelectronics,M.Tech,EC,SC,2025,432,432,,COAP 2025,89,true,
IIT Indore,IITI,Indore,Madhya Pradesh,Water Climate Sustainability,M.Tech,CE,OBC_NCL,2025,392,392,,COAP 2025,89,true,
IIT Jodhpur,IITJ,Jodhpur,Rajasthan,CSE,M.Tech,CS,GENERAL,2025,727,727,,COAP 2025,84,true,
IIT Jodhpur,IITJ,Jodhpur,Rajasthan,CSE,M.Tech,CS,OBC_NCL,2025,685,685,,COAP 2025,84,true,
IIT Jodhpur,IITJ,Jodhpur,Rajasthan,CSE,M.Tech,CS,SC,2025,526,526,,COAP 2025,84,true,
IIT Jodhpur,IITJ,Jodhpur,Rajasthan,CSA (AI),M.Tech,CS,GENERAL,2025,727,727,,COAP 2025,84,true,
IIT Jodhpur,IITJ,Jodhpur,Rajasthan,CSA (AI),M.Tech,CS,OBC_NCL,2025,675,675,,COAP 2025,84,true,
IIT Jodhpur,IITJ,Jodhpur,Rajasthan,CSA (AI),M.Tech,CS,SC,2025,526,526,,COAP 2025,84,true,
IIT Jodhpur,IITJ,Jodhpur,Rajasthan,CSA (AI),M.Tech,CS,EWS,2025,706,706,,COAP 2025,84,true,
IIT Jodhpur,IITJ,Jodhpur,Rajasthan,BBE,M.Tech,BT,GENERAL,2025,476,476,,COAP 2025,84,true,
IIT Jodhpur,IITJ,Jodhpur,Rajasthan,BBE,M.Tech,BT,OBC_NCL,2025,466,466,,COAP 2025,84,true,
IIT Jodhpur,IITJ,Jodhpur,Rajasthan,BBE,M.Tech,BT,SC,2025,259,259,,COAP 2025,84,true,
IIT Jodhpur,IITJ,Jodhpur,Rajasthan,Electrical (EEI),M.Tech,EE,GENERAL,2025,499,499,,COAP 2025,84,true,
IIT Jodhpur,IITJ,Jodhpur,Rajasthan,Electrical (EEI),M.Tech,EE,OBC_NCL,2025,428,428,,COAP 2025,84,true,
IIT Jodhpur,IITJ,Jodhpur,Rajasthan,Electrical (EEI),M.Tech,EE,SC,2025,327,327,,COAP 2025,84,true,
IIT Jodhpur,IITJ,Jodhpur,Rajasthan,Electrical (EEI),M.Tech,EE,EWS,2025,495,495,,COAP 2025,84,true,
IIT Jodhpur,IITJ,Jodhpur,Rajasthan,Electrical (EEV),M.Tech,EE,GENERAL,2025,534,534,,COAP 2025,84,true,
IIT Jodhpur,IITJ,Jodhpur,Rajasthan,Electrical (EEV),M.Tech,EE,OBC_NCL,2025,510,510,,COAP 2025,84,true,
IIT Jodhpur,IITJ,Jodhpur,Rajasthan,Mechanical (MET),M.Tech,ME,GENERAL,2025,477,477,,COAP 2025,84,true,
IIT Jodhpur,IITJ,Jodhpur,Rajasthan,Mechanical (MET),M.Tech,ME,OBC_NCL,2025,404,404,,COAP 2025,84,true,
IIT Jodhpur,IITJ,Jodhpur,Rajasthan,Mechanical (MET),M.Tech,ME,SC,2025,300,300,,COAP 2025,84,true,
IIT Jodhpur,IITJ,Jodhpur,Rajasthan,Mechanical (MET),M.Tech,ME,EWS,2025,412,412,,COAP 2025,84,true,
IIT Jodhpur,IITJ,Jodhpur,Rajasthan,Mechanical (MEA),M.Tech,ME,GENERAL,2025,487,487,,COAP 2025,84,true,
IIT Jodhpur,IITJ,Jodhpur,Rajasthan,Mechanical (MEA),M.Tech,ME,OBC_NCL,2025,466,466,,COAP 2025,84,true,
IIT Jodhpur,IITJ,Jodhpur,Rajasthan,Materials Engineering,M.Tech,XE,GENERAL,2025,327,327,,COAP 2025,84,true,
IIT Jodhpur,IITJ,Jodhpur,Rajasthan,Materials Engineering,M.Tech,XE,SC,2025,275,275,,COAP 2025,84,true,
IIT Jodhpur,IITJ,Jodhpur,Rajasthan,Chemical Engineering,M.Tech,CH,GENERAL,2025,362,362,,COAP 2025,84,true,
IIT Jodhpur,IITJ,Jodhpur,Rajasthan,Chemical Engineering,M.Tech,CH,OBC_NCL,2025,339,339,,COAP 2025,84,true,
IIT Jodhpur,IITJ,Jodhpur,Rajasthan,Civil Engineering (CIE),M.Tech,CE,GENERAL,2025,408,408,,COAP 2025,84,true,
IIT Jodhpur,IITJ,Jodhpur,Rajasthan,Civil Engineering (CIE),M.Tech,CE,OBC_NCL,2025,397,397,,COAP 2025,84,true,
IIT Jodhpur,IITJ,Jodhpur,Rajasthan,Civil Engineering (CIE),M.Tech,CE,SC,2025,306,306,,COAP 2025,84,true,
IIT Jodhpur,IITJ,Jodhpur,Rajasthan,Design (DAD),M.Tech,ME,GENERAL,2025,411,411,,COAP 2025,84,true,
IIT Jodhpur,IITJ,Jodhpur,Rajasthan,Design (DAD),M.Tech,ME,OBC_NCL,2025,342,342,,COAP 2025,84,true,
IIT Jodhpur,IITJ,Jodhpur,Rajasthan,AI & Data Science (AIR),M.Tech,CS,GENERAL,2025,635,635,,COAP 2025,84,true,
IIT Jodhpur,IITJ,Jodhpur,Rajasthan,AI & Data Science (AIR),M.Tech,CS,OBC_NCL,2025,495,495,,COAP 2025,84,true,
IIT Jodhpur,IITJ,Jodhpur,Rajasthan,AI & Data Science (AIR),M.Tech,CS,EWS,2025,539,539,,COAP 2025,84,true,
IIT Jodhpur,IITJ,Jodhpur,Rajasthan,Quantum Tech (IQT),M.Tech,XE,GENERAL,2025,514,514,,COAP 2025,84,true,
IIT Jodhpur,IITJ,Jodhpur,Rajasthan,Quantum Tech (IQT),M.Tech,XE,OBC_NCL,2025,452,452,,COAP 2025,84,true,
IIT Kharagpur,IITKGP,Kharagpur,West Bengal,CS,M.Tech,CS,GENERAL,2025,781,781,,COAP 2025,95,true,
IIT Kharagpur,IITKGP,Kharagpur,West Bengal,CS,M.Tech,CS,EWS,2025,757,757,,COAP 2025,95,true,
IIT Kharagpur,IITKGP,Kharagpur,West Bengal,CS,M.Tech,CS,OBC_NCL,2025,711,711,,COAP 2025,95,true,
IIT Kharagpur,IITKGP,Kharagpur,West Bengal,CS,M.Tech,CS,SC,2025,598,598,,COAP 2025,95,true,
IIT Kharagpur,IITKGP,Kharagpur,West Bengal,CS,M.Tech,CS,ST,2025,473,473,,COAP 2025,95,true,
IIT Kharagpur,IITKGP,Kharagpur,West Bengal,AI,M.Tech,CS,GENERAL,2025,764,764,,COAP 2025,95,true,
IIT Kharagpur,IITKGP,Kharagpur,West Bengal,AI,M.Tech,CS,EWS,2025,747,747,,COAP 2025,95,true,
IIT Kharagpur,IITKGP,Kharagpur,West Bengal,AI,M.Tech,CS,OBC_NCL,2025,708,708,,COAP 2025,95,true,
IIT Kharagpur,IITKGP,Kharagpur,West Bengal,AI,M.Tech,CS,SC,2025,589,589,,COAP 2025,95,true,
IIT Kharagpur,IITKGP,Kharagpur,West Bengal,AI,M.Tech,CS,ST,2025,436,436,,COAP 2025,95,true,
IIT Kharagpur,IITKGP,Kharagpur,West Bengal,EC2,M.Tech,EC,GENERAL,2025,745,745,,COAP 2025,95,true,
IIT Kharagpur,IITKGP,Kharagpur,West Bengal,EC2,M.Tech,EC,EWS,2025,698,698,,COAP 2025,95,true,
IIT Kharagpur,IITKGP,Kharagpur,West Bengal,EC2,M.Tech,EC,OBC_NCL,2025,690,690,,COAP 2025,95,true,
IIT Kharagpur,IITKGP,Kharagpur,West Bengal,EC2,M.Tech,EC,SC,2025,526,526,,COAP 2025,95,true,
IIT Kharagpur,IITKGP,Kharagpur,West Bengal,EC2,M.Tech,EC,ST,2025,424,424,,COAP 2025,95,true,
IIT Kharagpur,IITKGP,Kharagpur,West Bengal,EE4,M.Tech,EE,GENERAL,2025,569,569,,COAP 2025,95,true,
IIT Kharagpur,IITKGP,Kharagpur,West Bengal,EE4,M.Tech,EE,EWS,2025,523,523,,COAP 2025,95,true,
IIT Kharagpur,IITKGP,Kharagpur,West Bengal,EE4,M.Tech,EE,OBC_NCL,2025,531,531,,COAP 2025,95,true,
IIT Kharagpur,IITKGP,Kharagpur,West Bengal,EE4,M.Tech,EE,SC,2025,342,342,,COAP 2025,95,true,
IIT Kharagpur,IITKGP,Kharagpur,West Bengal,EE4,M.Tech,EE,ST,2025,378,378,,COAP 2025,95,true,
IIT Kharagpur,IITKGP,Kharagpur,West Bengal,ME2,M.Tech,ME,GENERAL,2025,570,570,,COAP 2025,95,true,
IIT Kharagpur,IITKGP,Kharagpur,West Bengal,ME2,M.Tech,ME,EWS,2025,452,452,,COAP 2025,95,true,
IIT Kharagpur,IITKGP,Kharagpur,West Bengal,ME2,M.Tech,ME,OBC_NCL,2025,542,542,,COAP 2025,95,true,
IIT Kharagpur,IITKGP,Kharagpur,West Bengal,ME2,M.Tech,ME,SC,2025,380,380,,COAP 2025,95,true,
IIT Kharagpur,IITKGP,Kharagpur,West Bengal,ME2,M.Tech,ME,ST,2025,376,376,,COAP 2025,95,true,
IIT Kharagpur,IITKGP,Kharagpur,West Bengal,CE3,M.Tech,CE,GENERAL,2025,505,505,,COAP 2025,95,true,
IIT Kharagpur,IITKGP,Kharagpur,West Bengal,CE3,M.Tech,CE,EWS,2025,463,463,,COAP 2025,95,true,
IIT Kharagpur,IITKGP,Kharagpur,West Bengal,CE3,M.Tech,CE,OBC_NCL,2025,457,457,,COAP 2025,95,true,
IIT Kharagpur,IITKGP,Kharagpur,West Bengal,CE3,M.Tech,CE,SC,2025,363,363,,COAP 2025,95,true,
IIT Kharagpur,IITKGP,Kharagpur,West Bengal,CE3,M.Tech,CE,ST,2025,344,344,,COAP 2025,95,true,
IIT Kharagpur,IITKGP,Kharagpur,West Bengal,BT,M.Tech,BT,GENERAL,2025,663,663,,COAP 2025,95,true,
IIT Kharagpur,IITKGP,Kharagpur,West Bengal,BT,M.Tech,BT,EWS,2025,435,435,,COAP 2025,95,true,
IIT Kharagpur,IITKGP,Kharagpur,West Bengal,BT,M.Tech,BT,OBC_NCL,2025,598,598,,COAP 2025,95,true,
IIT Kharagpur,IITKGP,Kharagpur,West Bengal,BT,M.Tech,BT,SC,2025,337,337,,COAP 2025,95,true,
IIT Kharagpur,IITKGP,Kharagpur,West Bengal,BT,M.Tech,BT,ST,2025,174,174,,COAP 2025,95,true,
IIT Kharagpur,IITKGP,Kharagpur,West Bengal,CH,M.Tech,CH,GENERAL,2025,452,452,,COAP 2025,95,true,
IIT Kharagpur,IITKGP,Kharagpur,West Bengal,CH,M.Tech,CH,EWS,2025,320,320,,COAP 2025,95,true,
IIT Kharagpur,IITKGP,Kharagpur,West Bengal,CH,M.Tech,CH,OBC_NCL,2025,350,350,,COAP 2025,95,true,
IIT Kharagpur,IITKGP,Kharagpur,West Bengal,CH,M.Tech,CH,SC,2025,247,247,,COAP 2025,95,true,
IIT Kharagpur,IITKGP,Kharagpur,West Bengal,CH,M.Tech,CH,ST,2025,237,237,,COAP 2025,95,true,
IIT Kharagpur,IITKGP,Kharagpur,West Bengal,MA,M.Tech,XE,GENERAL,2025,533,533,,COAP 2025,95,true,
IIT Kharagpur,IITKGP,Kharagpur,West Bengal,MA,M.Tech,XE,EWS,2025,337,337,,COAP 2025,95,true,
IIT Kharagpur,IITKGP,Kharagpur,West Bengal,MA,M.Tech,XE,OBC_NCL,2025,297,297,,COAP 2025,95,true,
IIT Kharagpur,IITKGP,Kharagpur,West Bengal,MA,M.Tech,XE,SC,2025,265,265,,COAP 2025,95,true,
IIT Kharagpur,IITKGP,Kharagpur,West Bengal,MA,M.Tech,XE,ST,2025,198,198,,COAP 2025,95,true,
IIT Kharagpur,IITKGP,Kharagpur,West Bengal,GG1,M.Tech,XE,GENERAL,2025,354,354,,COAP 2025,95,true,
IIT Kharagpur,IITKGP,Kharagpur,West Bengal,GG1,M.Tech,XE,EWS,2025,290,290,,COAP 2025,95,true,
IIT Kharagpur,IITKGP,Kharagpur,West Bengal,GG1,M.Tech,XE,OBC_NCL,2025,311,311,,COAP 2025,95,true,
IIT Kharagpur,IITKGP,Kharagpur,West Bengal,GG1,M.Tech,XE,SC,2025,160,160,,COAP 2025,95,true,
IIT Kharagpur,IITKGP,Kharagpur,West Bengal,GG1,M.Tech,XE,ST,2025,149,149,,COAP 2025,95,true,
IIT Madras,IITM,Chennai,Tamil Nadu,CS1Y,M.Tech,CS,GENERAL,2025,881,881,,COAP 2025,97,true,
IIT Madras,IITM,Chennai,Tamil Nadu,CS1Y,M.Tech,CS,EWS,2025,770,770,,COAP 2025,97,true,
IIT Madras,IITM,Chennai,Tamil Nadu,CS1Y,M.Tech,CS,OBC_NCL,2025,802,802,,COAP 2025,97,true,
IIT Madras,IITM,Chennai,Tamil Nadu,CS1Y,M.Tech,CS,SC,2025,585,585,,COAP 2025,97,true,
IIT Madras,IITM,Chennai,Tamil Nadu,CS1Y,M.Tech,CS,ST,2025,564,564,,COAP 2025,97,true,
IIT Madras,IITM,Chennai,Tamil Nadu,DA1Y,M.Tech,CS,GENERAL,2025,866,866,,COAP 2025,97,true,
IIT Madras,IITM,Chennai,Tamil Nadu,DA1Y,M.Tech,CS,EWS,2025,768,768,,COAP 2025,97,true,
IIT Madras,IITM,Chennai,Tamil Nadu,DA1Y,M.Tech,CS,OBC_NCL,2025,768,768,,COAP 2025,97,true,
IIT Madras,IITM,Chennai,Tamil Nadu,DA1Y,M.Tech,CS,SC,2025,690,690,,COAP 2025,97,true,
IIT Madras,IITM,Chennai,Tamil Nadu,DA1Y,M.Tech,CS,ST,2025,553,553,,COAP 2025,97,true,
IIT Madras,IITM,Chennai,Tamil Nadu,EE3Y,M.Tech,EE,GENERAL,2025,881,881,,COAP 2025,97,true,
IIT Madras,IITM,Chennai,Tamil Nadu,EE3Y,M.Tech,EE,EWS,2025,788,788,,COAP 2025,97,true,
IIT Madras,IITM,Chennai,Tamil Nadu,EE3Y,M.Tech,EE,OBC_NCL,2025,792,792,,COAP 2025,97,true,
IIT Madras,IITM,Chennai,Tamil Nadu,EE3Y,M.Tech,EE,SC,2025,760,760,,COAP 2025,97,true,
IIT Madras,IITM,Chennai,Tamil Nadu,EE3Y,M.Tech,EE,ST,2025,651,651,,COAP 2025,97,true,
IIT Madras,IITM,Chennai,Tamil Nadu,EE6Y,M.Tech,EE,GENERAL,2025,944,944,,COAP 2025,97,true,
IIT Madras,IITM,Chennai,Tamil Nadu,EE6Y,M.Tech,EE,EWS,2025,854,854,,COAP 2025,97,true,
IIT Madras,IITM,Chennai,Tamil Nadu,EE6Y,M.Tech,EE,OBC_NCL,2025,862,862,,COAP 2025,97,true,
IIT Madras,IITM,Chennai,Tamil Nadu,EE6Y,M.Tech,EE,SC,2025,686,686,,COAP 2025,97,true,
IIT Madras,IITM,Chennai,Tamil Nadu,EE6Y,M.Tech,EE,ST,2025,449,449,,COAP 2025,97,true,
IIT Madras,IITM,Chennai,Tamil Nadu,ME2Y,M.Tech,ME,GENERAL,2025,808,808,,COAP 2025,97,true,
IIT Madras,IITM,Chennai,Tamil Nadu,ME2Y,M.Tech,ME,EWS,2025,732,732,,COAP 2025,97,true,
IIT Madras,IITM,Chennai,Tamil Nadu,ME2Y,M.Tech,ME,OBC_NCL,2025,712,712,,COAP 2025,97,true,
IIT Madras,IITM,Chennai,Tamil Nadu,ME2Y,M.Tech,ME,SC,2025,639,639,,COAP 2025,97,true,
IIT Madras,IITM,Chennai,Tamil Nadu,ME2Y,M.Tech,ME,ST,2025,511,511,,COAP 2025,97,true,
IIT Madras,IITM,Chennai,Tamil Nadu,CE1Y,M.Tech,CE,GENERAL,2025,775,775,,COAP 2025,97,true,
IIT Madras,IITM,Chennai,Tamil Nadu,CE1Y,M.Tech,CE,EWS,2025,681,681,,COAP 2025,97,true,
IIT Madras,IITM,Chennai,Tamil Nadu,CE1Y,M.Tech,CE,OBC_NCL,2025,708,708,,COAP 2025,97,true,
IIT Madras,IITM,Chennai,Tamil Nadu,CE1Y,M.Tech,CE,SC,2025,577,577,,COAP 2025,97,true,
IIT Madras,IITM,Chennai,Tamil Nadu,CE1Y,M.Tech,CE,ST,2025,640,640,,COAP 2025,97,true,
IIT Madras,IITM,Chennai,Tamil Nadu,BT1Y,M.Tech,BT,GENERAL,2025,584,584,,COAP 2025,97,true,
IIT Madras,IITM,Chennai,Tamil Nadu,BT1Y,M.Tech,BT,OBC_NCL,2025,467,467,,COAP 2025,97,true,
IIT Madras,IITM,Chennai,Tamil Nadu,BT1Y,M.Tech,BT,SC,2025,354,354,,COAP 2025,97,true,
IIT Madras,IITM,Chennai,Tamil Nadu,CH1Y,M.Tech,CH,GENERAL,2025,618,618,,COAP 2025,97,true,
IIT Madras,IITM,Chennai,Tamil Nadu,CH1Y,M.Tech,CH,EWS,2025,535,535,,COAP 2025,97,true,
IIT Madras,IITM,Chennai,Tamil Nadu,CH1Y,M.Tech,CH,OBC_NCL,2025,511,511,,COAP 2025,97,true,
IIT Madras,IITM,Chennai,Tamil Nadu,CH1Y,M.Tech,CH,SC,2025,418,418,,COAP 2025,97,true,
IIT Madras,IITM,Chennai,Tamil Nadu,CH1Y,M.Tech,CH,ST,2025,369,369,,COAP 2025,97,true,
IIT Madras,IITM,Chennai,Tamil Nadu,MA1Y,M.Tech,XE,GENERAL,2025,526,526,,COAP 2025,97,true,
IIT Madras,IITM,Chennai,Tamil Nadu,MA1Y,M.Tech,XE,EWS,2025,482,482,,COAP 2025,97,true,
IIT Madras,IITM,Chennai,Tamil Nadu,MA1Y,M.Tech,XE,OBC_NCL,2025,304,304,,COAP 2025,97,true,
IIT Madras,IITM,Chennai,Tamil Nadu,MA1Y,M.Tech,XE,SC,2025,272,272,,COAP 2025,97,true,
IIT Madras,IITM,Chennai,Tamil Nadu,MA1Y,M.Tech,XE,ST,2025,251,251,,COAP 2025,97,true,
IIT Madras,IITM,Chennai,Tamil Nadu,PH1Y,M.Tech,XE,GENERAL,2025,503,503,,COAP 2025,97,true,
IIT Madras,IITM,Chennai,Tamil Nadu,PH1Y,M.Tech,XE,EWS,2025,443,443,,COAP 2025,97,true,
IIT Madras,IITM,Chennai,Tamil Nadu,PH1Y,M.Tech,XE,OBC_NCL,2025,383,383,,COAP 2025,97,true,
IIT Madras,IITM,Chennai,Tamil Nadu,PH1Y,M.Tech,XE,SC,2025,333,333,,COAP 2025,97,true,
IIT Madras,IITM,Chennai,Tamil Nadu,PH1Y,M.Tech,XE,ST,2025,248,248,,COAP 2025,97,true,
IIT Palakkad,IITPKD,Palakkad,Kerala,Geotechnical Engineering,M.Tech,CE,GENERAL,2025,359,359,,COAP 2025,64,true,
IIT Palakkad,IITPKD,Palakkad,Kerala,Geotechnical Engineering,M.Tech,CE,OBC_NCL,2025,347,347,,COAP 2025,64,true,
IIT Palakkad,IITPKD,Palakkad,Kerala,Geotechnical Engineering,M.Tech,CE,ST,2025,285,285,,COAP 2025,64,true,
IIT Palakkad,IITPKD,Palakkad,Kerala,Manufacturing and Materials Engineering,M.Tech,ME,GENERAL,2025,352,352,,COAP 2025,64,true,
IIT Palakkad,IITPKD,Palakkad,Kerala,Manufacturing and Materials Engineering,M.Tech,ME,EWS,2025,456,456,,COAP 2025,64,true,
IIT Palakkad,IITPKD,Palakkad,Kerala,Manufacturing and Materials Engineering,M.Tech,ME,OBC_NCL,2025,331,331,,COAP 2025,64,true,
IIT Palakkad,IITPKD,Palakkad,Kerala,Manufacturing and Materials Engineering,M.Tech,ME,SC,2025,233,233,,COAP 2025,64,true,
IIT Palakkad,IITPKD,Palakkad,Kerala,Power Electronics & Power Systems,M.Tech,EE,GENERAL,2025,398,398,,COAP 2025,64,true,
IIT Palakkad,IITPKD,Palakkad,Kerala,Power Electronics & Power Systems,M.Tech,EE,EWS,2025,370,370,,COAP 2025,64,true,
IIT Palakkad,IITPKD,Palakkad,Kerala,Power Electronics & Power Systems,M.Tech,EE,OBC_NCL,2025,389,389,,COAP 2025,64,true,
IIT Palakkad,IITPKD,Palakkad,Kerala,Power Electronics & Power Systems,M.Tech,EE,SC,2025,318,318,,COAP 2025,64,true,
IIT Palakkad,IITPKD,Palakkad,Kerala,Power Electronics & Power Systems,M.Tech,EE,ST,2025,271,271,,COAP 2025,64,true,
IIT Palakkad,IITPKD,Palakkad,Kerala,Data Science,M.Tech,CS,GENERAL,2025,565,565,,COAP 2025,64,true,
IIT Palakkad,IITPKD,Palakkad,Kerala,Data Science,M.Tech,CS,EWS,2025,620,620,,COAP 2025,64,true,
IIT Palakkad,IITPKD,Palakkad,Kerala,Data Science,M.Tech,CS,OBC_NCL,2025,518,518,,COAP 2025,64,true,
IIT Palakkad,IITPKD,Palakkad,Kerala,Data Science,M.Tech,CS,SC,2025,424,424,,COAP 2025,64,true,
IIT Palakkad,IITPKD,Palakkad,Kerala,Data Science,M.Tech,CS,ST,2025,299,299,,COAP 2025,64,true,
IIT Palakkad,IITPKD,Palakkad,Kerala,System-on-Chip Design,M.Tech,EC,GENERAL,2025,518,518,,COAP 2025,64,true,
IIT Palakkad,IITPKD,Palakkad,Kerala,System-on-Chip Design,M.Tech,EC,EWS,2025,468,468,,COAP 2025,64,true,
IIT Palakkad,IITPKD,Palakkad,Kerala,System-on-Chip Design,M.Tech,EC,OBC_NCL,2025,503,503,,COAP 2025,64,true,
IIT Palakkad,IITPKD,Palakkad,Kerala,System-on-Chip Design,M.Tech,EC,SC,2025,317,317,,COAP 2025,64,true,
IIT Palakkad,IITPKD,Palakkad,Kerala,System-on-Chip Design,M.Tech,EC,ST,2025,271,271,,COAP 2025,64,true,
IIT Palakkad,IITPKD,Palakkad,Kerala,Computing and Mathematics,M.Tech,CS,GENERAL,2025,517,517,,COAP 2025,64,true,
IIT Palakkad,IITPKD,Palakkad,Kerala,Computing and Mathematics,M.Tech,CS,OBC_NCL,2025,373,373,,COAP 2025,64,true,
IIT Palakkad,IITPKD,Palakkad,Kerala,Computing and Mathematics,M.Tech,CS,SC,2025,390,390,,COAP 2025,64,true,
IIT Palakkad,IITPKD,Palakkad,Kerala,Structural Engineering,M.Tech,CE,GENERAL,2025,428,428,,COAP 2025,64,true,
IIT Palakkad,IITPKD,Palakkad,Kerala,Structural Engineering,M.Tech,CE,EWS,2025,363,363,,COAP 2025,64,true,
IIT Palakkad,IITPKD,Palakkad,Kerala,Structural Engineering,M.Tech,CE,OBC_NCL,2025,439,439,,COAP 2025,64,true,
IIT Palakkad,IITPKD,Palakkad,Kerala,Structural Engineering,M.Tech,CE,SC,2025,329,329,,COAP 2025,64,true,
IIT Palakkad,IITPKD,Palakkad,Kerala,Structural Engineering,M.Tech,CE,ST,2025,333,333,,COAP 2025,64,true,
IIT Palakkad,IITPKD,Palakkad,Kerala,Water Resource Engineering,M.Tech,CE,GENERAL,2025,366,366,,COAP 2025,64,true,
IIT Palakkad,IITPKD,Palakkad,Kerala,Water Resource Engineering,M.Tech,CE,EWS,2025,401,401,,COAP 2025,64,true,
IIT Palakkad,IITPKD,Palakkad,Kerala,Water Resource Engineering,M.Tech,CE,OBC_NCL,2025,374,374,,COAP 2025,64,true,
IIT Palakkad,IITPKD,Palakkad,Kerala,Design and Automation,M.Tech,ME,GENERAL,2025,380,380,,COAP 2025,64,true,
IIT Palakkad,IITPKD,Palakkad,Kerala,Design and Automation,M.Tech,ME,EWS,2025,397,397,,COAP 2025,64,true,
IIT Palakkad,IITPKD,Palakkad,Kerala,Design and Automation,M.Tech,ME,OBC_NCL,2025,411,411,,COAP 2025,64,true,
IIT Palakkad,IITPKD,Palakkad,Kerala,Design and Automation,M.Tech,ME,SC,2025,245,245,,COAP 2025,64,true,
IIT Palakkad,IITPKD,Palakkad,Kerala,Thermofluids Engineering,M.Tech,ME,GENERAL,2025,351,351,,COAP 2025,64,true,
IIT Palakkad,IITPKD,Palakkad,Kerala,Thermofluids Engineering,M.Tech,ME,EWS,2025,352,352,,COAP 2025,64,true,
IIT Palakkad,IITPKD,Palakkad,Kerala,Thermofluids Engineering,M.Tech,ME,OBC_NCL,2025,404,404,,COAP 2025,64,true,
IIT Palakkad,IITPKD,Palakkad,Kerala,Thermofluids Engineering,M.Tech,ME,SC,2025,297,297,,COAP 2025,64,true,
IIT Roorkee,IITR,Roorkee,Uttarakhand,Computer Science and Engineering,M.Tech,CS,GENERAL,2025,71.21,71.21,,COAP 2025,93,true,marks,
IIT Roorkee,IITR,Roorkee,Uttarakhand,Computer Science and Engineering,M.Tech,CS,OBC_NCL,2025,63.75,63.75,,COAP 2025,93,true,marks,
IIT Roorkee,IITR,Roorkee,Uttarakhand,Computer Science and Engineering,M.Tech,CS,SC,2025,51.47,51.47,,COAP 2025,93,true,marks,
IIT Roorkee,IITR,Roorkee,Uttarakhand,Computer Science and Engineering,M.Tech,CS,ST,2025,39.20,39.20,,COAP 2025,93,true,marks,
IIT Roorkee,IITR,Roorkee,Uttarakhand,Artificial Intelligence,M.Tech,CS,GENERAL,2025,68.25,68.25,,COAP 2025,93,true,marks,
IIT Roorkee,IITR,Roorkee,Uttarakhand,Artificial Intelligence,M.Tech,CS,OBC_NCL,2025,63.69,63.69,,COAP 2025,93,true,marks,
IIT Roorkee,IITR,Roorkee,Uttarakhand,Artificial Intelligence,M.Tech,CS,SC,2025,50.37,50.37,,COAP 2025,93,true,marks,
IIT Roorkee,IITR,Roorkee,Uttarakhand,Artificial Intelligence,M.Tech,CS,ST,2025,35.74,35.74,,COAP 2025,93,true,marks,
IIT Roorkee,IITR,Roorkee,Uttarakhand,Data Science,M.Tech,CS,GENERAL,2025,68.25,68.25,,COAP 2025,93,true,marks,
IIT Roorkee,IITR,Roorkee,Uttarakhand,Data Science,M.Tech,CS,OBC_NCL,2025,63.70,63.70,,COAP 2025,93,true,marks,
IIT Roorkee,IITR,Roorkee,Uttarakhand,Data Science,M.Tech,CS,SC,2025,49.02,49.02,,COAP 2025,93,true,marks,
IIT Roorkee,IITR,Roorkee,Uttarakhand,Data Science,M.Tech,CS,ST,2025,35.99,35.99,,COAP 2025,93,true,marks,
IIT Roorkee,IITR,Roorkee,Uttarakhand,Microelectronics and VLSI,M.Tech,EC,GENERAL,2025,75.81,75.81,,COAP 2025,93,true,marks,
IIT Roorkee,IITR,Roorkee,Uttarakhand,Microelectronics and VLSI,M.Tech,EC,OBC_NCL,2025,65.65,65.65,,COAP 2025,93,true,marks,
IIT Roorkee,IITR,Roorkee,Uttarakhand,Microelectronics and VLSI,M.Tech,EC,SC,2025,46.37,46.37,,COAP 2025,93,true,marks,
IIT Roorkee,IITR,Roorkee,Uttarakhand,Microelectronics and VLSI,M.Tech,EC,ST,2025,37.50,37.50,,COAP 2025,93,true,marks,
IIT Roorkee,IITR,Roorkee,Uttarakhand,Power Systems Engineering,M.Tech,EE,GENERAL,2025,53.47,53.47,,COAP 2025,93,true,marks,
IIT Roorkee,IITR,Roorkee,Uttarakhand,Power Systems Engineering,M.Tech,EE,OBC_NCL,2025,45.45,45.45,,COAP 2025,93,true,marks,
IIT Roorkee,IITR,Roorkee,Uttarakhand,Power Systems Engineering,M.Tech,EE,SC,2025,33.06,33.06,,COAP 2025,93,true,marks,
IIT Roorkee,IITR,Roorkee,Uttarakhand,Power Systems Engineering,M.Tech,EE,ST,2025,38.36,38.36,,COAP 2025,93,true,marks,
IIT Roorkee,IITR,Roorkee,Uttarakhand,Communication Network and Signal Processing,M.Tech,EC,GENERAL,2025,56.04,56.04,,COAP 2025,93,true,marks,
IIT Roorkee,IITR,Roorkee,Uttarakhand,Communication Network and Signal Processing,M.Tech,EC,OBC_NCL,2025,53.22,53.22,,COAP 2025,93,true,marks,
IIT Roorkee,IITR,Roorkee,Uttarakhand,Communication Network and Signal Processing,M.Tech,EC,SC,2025,36.67,36.67,,COAP 2025,93,true,marks,
IIT Roorkee,IITR,Roorkee,Uttarakhand,Communication Network and Signal Processing,M.Tech,EC,ST,2025,29.14,29.14,,COAP 2025,93,true,marks,
IIT Roorkee,IITR,Roorkee,Uttarakhand,Mechanical and Industrial Engineering,M.Tech,ME,GENERAL,2025,59.45,59.45,,COAP 2025,93,true,marks,
IIT Roorkee,IITR,Roorkee,Uttarakhand,Mechanical and Industrial Engineering,M.Tech,ME,OBC_NCL,2025,54.48,54.48,,COAP 2025,93,true,marks,
IIT Roorkee,IITR,Roorkee,Uttarakhand,Mechanical and Industrial Engineering,M.Tech,ME,SC,2025,38.47,38.47,,COAP 2025,93,true,marks,
IIT Roorkee,IITR,Roorkee,Uttarakhand,Mechanical and Industrial Engineering,M.Tech,ME,ST,2025,27.27,27.27,,COAP 2025,93,true,marks,
IIT Roorkee,IITR,Roorkee,Uttarakhand,Chemical Engineering,M.Tech,CH,GENERAL,2025,47.35,47.35,,COAP 2025,93,true,marks,
IIT Roorkee,IITR,Roorkee,Uttarakhand,Chemical Engineering,M.Tech,CH,OBC_NCL,2025,37.61,37.61,,COAP 2025,93,true,marks,
IIT Roorkee,IITR,Roorkee,Uttarakhand,Chemical Engineering,M.Tech,CH,SC,2025,26.99,26.99,,COAP 2025,93,true,marks,
IIT Roorkee,IITR,Roorkee,Uttarakhand,Chemical Engineering,M.Tech,CH,ST,2025,25.66,25.66,,COAP 2025,93,true,marks,
IIT Roorkee,IITR,Roorkee,Uttarakhand,Structural Engineering,M.Tech,CE,GENERAL,2025,58.26,58.26,,COAP 2025,93,true,marks,
IIT Roorkee,IITR,Roorkee,Uttarakhand,Structural Engineering,M.Tech,CE,OBC_NCL,2025,49.44,49.44,,COAP 2025,93,true,marks,
IIT Roorkee,IITR,Roorkee,Uttarakhand,Structural Engineering,M.Tech,CE,SC,2025,36.82,36.82,,COAP 2025,93,true,marks,
IIT Roorkee,IITR,Roorkee,Uttarakhand,Structural Engineering,M.Tech,CE,ST,2025,39.86,39.86,,COAP 2025,93,true,marks,
IIT Roorkee,IITR,Roorkee,Uttarakhand,Transportation Engineering,M.Tech,CE,GENERAL,2025,63.52,63.52,,COAP 2025,93,true,marks,
IIT Roorkee,IITR,Roorkee,Uttarakhand,Transportation Engineering,M.Tech,CE,OBC_NCL,2025,52.12,52.12,,COAP 2025,93,true,marks,
IIT Roorkee,IITR,Roorkee,Uttarakhand,Transportation Engineering,M.Tech,CE,SC,2025,47.53,47.53,,COAP 2025,93,true,marks,
IIT Roorkee,IITR,Roorkee,Uttarakhand,Transportation Engineering,M.Tech,CE,ST,2025,46.89,46.89,,COAP 2025,93,true,marks,
IIT Jammu,IITJammu,Jammu,Jammu and Kashmir,Medical Devices,M.Tech,BT,GENERAL,2025,422,422,,COAP 2025,57,true,score,
IIT Jammu,IITJammu,Jammu,Jammu and Kashmir,Medical Devices,M.Tech,BT,OBC_NCL,2025,318,318,,COAP 2025,57,true,score,
IIT Jammu,IITJammu,Jammu,Jammu and Kashmir,Medical Devices,M.Tech,BT,EWS,2025,372,372,,COAP 2025,57,true,score,
IIT Jammu,IITJammu,Jammu,Jammu and Kashmir,Medical Devices,M.Tech,BT,SC,2025,214,214,,COAP 2025,57,true,score,
IIT Jammu,IITJammu,Jammu,Jammu and Kashmir,Medical Devices,M.Tech,BT,ST,2025,272,272,,COAP 2025,57,true,score,
IIT Jammu,IITJammu,Jammu,Jammu and Kashmir,Medical Devices,M.Tech,BT,GENERAL_PWD,2025,237,237,,COAP 2025,57,true,score,
IIT Jammu,IITJammu,Jammu,Jammu and Kashmir,Structural Engineering,M.Tech,CE,GENERAL,2025,430,430,,COAP 2025,57,true,score,
IIT Jammu,IITJammu,Jammu,Jammu and Kashmir,Structural Engineering,M.Tech,CE,OBC_NCL,2025,355,355,,COAP 2025,57,true,score,
IIT Jammu,IITJammu,Jammu,Jammu and Kashmir,Structural Engineering,M.Tech,CE,EWS,2025,366,366,,COAP 2025,57,true,score,
IIT Jammu,IITJammu,Jammu,Jammu and Kashmir,Structural Engineering,M.Tech,CE,SC,2025,283,283,,COAP 2025,57,true,score,
IIT Jammu,IITJammu,Jammu,Jammu and Kashmir,Structural Engineering,M.Tech,CE,ST,2025,325,325,,COAP 2025,57,true,score,
IIT Jammu,IITJammu,Jammu,Jammu and Kashmir,Structural Engineering,M.Tech,CE,GENERAL_PWD,2025,291,291,,COAP 2025,57,true,score,
IIT Jammu,IITJammu,Jammu,Jammu and Kashmir,Tunnel Engineering,M.Tech,CE,GENERAL,2025,322,322,,COAP 2025,57,true,score,
IIT Jammu,IITJammu,Jammu,Jammu and Kashmir,Tunnel Engineering,M.Tech,CE,OBC_NCL,2025,325,325,,COAP 2025,57,true,score,
IIT Jammu,IITJammu,Jammu,Jammu and Kashmir,Tunnel Engineering,M.Tech,CE,EWS,2025,370,370,,COAP 2025,57,true,score,
IIT Jammu,IITJammu,Jammu,Jammu and Kashmir,Tunnel Engineering,M.Tech,CE,SC,2025,287,287,,COAP 2025,57,true,score,
IIT Jammu,IITJammu,Jammu,Jammu and Kashmir,Tunnel Engineering,M.Tech,CE,ST,2025,258,258,,COAP 2025,57,true,score,
IIT Jammu,IITJammu,Jammu,Jammu and Kashmir,Tunnel Engineering,M.Tech,CE,GENERAL_PWD,2025,291,291,,COAP 2025,57,true,score,
IIT Jammu,IITJammu,Jammu,Jammu and Kashmir,Computer Science and Engineering,M.Tech,CS,GENERAL,2025,643,643,,COAP 2025,57,true,score,
IIT Jammu,IITJammu,Jammu,Jammu and Kashmir,Computer Science and Engineering,M.Tech,CS,OBC_NCL,2025,589,589,,COAP 2025,57,true,score,
IIT Jammu,IITJammu,Jammu,Jammu and Kashmir,Computer Science and Engineering,M.Tech,CS,EWS,2025,639,639,,COAP 2025,57,true,score,
IIT Jammu,IITJammu,Jammu,Jammu and Kashmir,Computer Science and Engineering,M.Tech,CS,SC,2025,443,443,,COAP 2025,57,true,score,
IIT Jammu,IITJammu,Jammu,Jammu and Kashmir,Computer Science and Engineering,M.Tech,CS,ST,2025,397,397,,COAP 2025,57,true,score,
IIT Jammu,IITJammu,Jammu,Jammu and Kashmir,Computer Science and Engineering,M.Tech,CS,GENERAL_PWD,2025,476,476,,COAP 2025,57,true,score,
IIT Jammu,IITJammu,Jammu,Jammu and Kashmir,Communication and Signal Processing,M.Tech,EC,GENERAL,2025,459,459,,COAP 2025,57,true,score,
IIT Jammu,IITJammu,Jammu,Jammu and Kashmir,Communication and Signal Processing,M.Tech,EC,OBC_NCL,2025,409,409,,COAP 2025,57,true,score,
IIT Jammu,IITJammu,Jammu,Jammu and Kashmir,Communication and Signal Processing,M.Tech,EC,EWS,2025,409,409,,COAP 2025,57,true,score,
IIT Jammu,IITJammu,Jammu,Jammu and Kashmir,Communication and Signal Processing,M.Tech,EC,SC,2025,327,327,,COAP 2025,57,true,score,
IIT Jammu,IITJammu,Jammu,Jammu and Kashmir,Communication and Signal Processing,M.Tech,EC,ST,2025,280,280,,COAP 2025,57,true,score,
IIT Jammu,IITJammu,Jammu,Jammu and Kashmir,Communication and Signal Processing,M.Tech,EC,GENERAL_PWD,2025,272,272,,COAP 2025,57,true,score,
IIT Jammu,IITJammu,Jammu,Jammu and Kashmir,VLSI Design,M.Tech,EC,GENERAL,2025,487,487,,COAP 2025,57,true,score,
IIT Jammu,IITJammu,Jammu,Jammu and Kashmir,VLSI Design,M.Tech,EC,OBC_NCL,2025,436,436,,COAP 2025,57,true,score,
IIT Jammu,IITJammu,Jammu,Jammu and Kashmir,VLSI Design,M.Tech,EC,EWS,2025,467,467,,COAP 2025,57,true,score,
IIT Jammu,IITJammu,Jammu,Jammu and Kashmir,VLSI Design,M.Tech,EC,SC,2025,358,358,,COAP 2025,57,true,score,
IIT Jammu,IITJammu,Jammu,Jammu and Kashmir,VLSI Design,M.Tech,EC,ST,2025,276,276,,COAP 2025,57,true,score,
IIT Jammu,IITJammu,Jammu,Jammu and Kashmir,VLSI Design,M.Tech,EC,GENERAL_PWD,2025,307,307,,COAP 2025,57,true,score,
IIT Jammu,IITJammu,Jammu,Jammu and Kashmir,Thermal & Energy Systems Engineering,M.Tech,ME,GENERAL,2025,352,352,,COAP 2025,57,true,score,
IIT Jammu,IITJammu,Jammu,Jammu and Kashmir,Thermal & Energy Systems Engineering,M.Tech,ME,OBC_NCL,2025,318,318,,COAP 2025,57,true,score,
IIT Jammu,IITJammu,Jammu,Jammu and Kashmir,Thermal & Energy Systems Engineering,M.Tech,ME,EWS,2025,369,369,,COAP 2025,57,true,score,
IIT Jammu,IITJammu,Jammu,Jammu and Kashmir,Thermal & Energy Systems Engineering,M.Tech,ME,SC,2025,279,279,,COAP 2025,57,true,score,
IIT Jammu,IITJammu,Jammu,Jammu and Kashmir,Thermal & Energy Systems Engineering,M.Tech,ME,ST,2025,248,248,,COAP 2025,57,true,score,
IIT Jammu,IITJammu,Jammu,Jammu and Kashmir,Thermal & Energy Systems Engineering,M.Tech,ME,GENERAL_PWD,2025,257,257,,COAP 2025,57,true,score,
IIT Jammu,IITJammu,Jammu,Jammu and Kashmir,Mechanical System Design,M.Tech,ME,GENERAL,2025,352,352,,COAP 2025,57,true,score,
IIT Jammu,IITJammu,Jammu,Jammu and Kashmir,Mechanical System Design,M.Tech,ME,OBC_NCL,2025,332,332,,COAP 2025,57,true,score,
IIT Jammu,IITJammu,Jammu,Jammu and Kashmir,Mechanical System Design,M.Tech,ME,EWS,2025,369,369,,COAP 2025,57,true,score,
IIT Jammu,IITJammu,Jammu,Jammu and Kashmir,Mechanical System Design,M.Tech,ME,SC,2025,235,235,,COAP 2025,57,true,score,
IIT Jammu,IITJammu,Jammu,Jammu and Kashmir,Mechanical System Design,M.Tech,ME,ST,2025,248,248,,COAP 2025,57,true,score,
